variant,seed,dataset,axis,group,support,n_correct,recall
orig,42,test,quality,diminished,240,240,1.0
orig,42,test,quality,major,240,240,1.0
orig,42,test,quality,minor,240,240,1.0
orig,42,test,root,A,60,60,1.0
orig,42,test,root,A#,60,60,1.0
orig,42,test,root,B,60,60,1.0
orig,42,test,root,C,60,60,1.0
orig,42,test,root,C#,60,60,1.0
orig,42,test,root,D,60,60,1.0
orig,42,test,root,D#,60,60,1.0
orig,42,test,root,E,60,60,1.0
orig,42,test,root,F,60,60,1.0
orig,42,test,root,F#,60,60,1.0
orig,42,test,root,G,60,60,1.0
orig,42,test,root,G#,60,60,1.0
orig,42,val,quality,diminished,240,240,1.0
orig,42,val,quality,major,240,240,1.0
orig,42,val,quality,minor,240,240,1.0
orig,42,val,root,A,60,60,1.0
orig,42,val,root,A#,60,60,1.0
orig,42,val,root,B,60,60,1.0
orig,42,val,root,C,60,60,1.0
orig,42,val,root,C#,60,60,1.0
orig,42,val,root,D,60,60,1.0
orig,42,val,root,D#,60,60,1.0
orig,42,val,root,E,60,60,1.0
orig,42,val,root,F,60,60,1.0
orig,42,val,root,F#,60,60,1.0
orig,42,val,root,G,60,60,1.0
orig,42,val,root,G#,60,60,1.0
orig,42,thinkpad,quality,diminished,480,480,1.0
orig,42,thinkpad,quality,major,480,400,0.8333333333333334
orig,42,thinkpad,quality,minor,480,366,0.7625
orig,42,thinkpad,root,A,120,112,0.9333333333333332
orig,42,thinkpad,root,A#,120,119,0.9916666666666668
orig,42,thinkpad,root,B,120,105,0.875
orig,42,thinkpad,root,C,120,120,1.0
orig,42,thinkpad,root,C#,120,113,0.9416666666666668
orig,42,thinkpad,root,D,120,68,0.5666666666666667
orig,42,thinkpad,root,D#,120,56,0.4666666666666667
orig,42,thinkpad,root,E,120,110,0.9166666666666666
orig,42,thinkpad,root,F,120,92,0.7666666666666667
orig,42,thinkpad,root,F#,120,120,1.0
orig,42,thinkpad,root,G,120,120,1.0
orig,42,thinkpad,root,G#,120,120,1.0
orig,42,vivo,quality,diminished,480,445,0.9270833333333334
orig,42,vivo,quality,major,480,480,1.0
orig,42,vivo,quality,minor,480,479,0.9979166666666668
orig,42,vivo,root,A,120,120,1.0
orig,42,vivo,root,A#,120,120,1.0
orig,42,vivo,root,B,120,120,1.0
orig,42,vivo,root,C,120,120,1.0
orig,42,vivo,root,C#,120,120,1.0
orig,42,vivo,root,D,120,120,1.0
orig,42,vivo,root,D#,120,119,0.9916666666666668
orig,42,vivo,root,E,120,120,1.0
orig,42,vivo,root,F,120,120,1.0
orig,42,vivo,root,F#,120,120,1.0
orig,42,vivo,root,G,120,120,1.0
orig,42,vivo,root,G#,120,120,1.0
orig,42,flow,quality,diminished,480,480,1.0
orig,42,flow,quality,major,480,477,0.99375
orig,42,flow,quality,minor,480,474,0.9875
orig,42,flow,root,A,120,120,1.0
orig,42,flow,root,A#,120,120,1.0
orig,42,flow,root,B,120,119,0.9916666666666668
orig,42,flow,root,C,120,120,1.0
orig,42,flow,root,C#,120,120,1.0
orig,42,flow,root,D,120,119,0.9916666666666668
orig,42,flow,root,D#,120,118,0.9833333333333332
orig,42,flow,root,E,120,119,0.9916666666666668
orig,42,flow,root,F,120,120,1.0
orig,42,flow,root,F#,120,120,1.0
orig,42,flow,root,G,120,119,0.9916666666666668
orig,42,flow,root,G#,120,120,1.0
orig,42,thinkpad-2,quality,diminished,480,475,0.9895833333333334
orig,42,thinkpad-2,quality,major,480,232,0.4833333333333333
orig,42,thinkpad-2,quality,minor,480,251,0.5229166666666667
orig,42,thinkpad-2,root,A,120,17,0.1416666666666666
orig,42,thinkpad-2,root,A#,120,50,0.4166666666666667
orig,42,thinkpad-2,root,B,120,0,0.0
orig,42,thinkpad-2,root,C,120,120,1.0
orig,42,thinkpad-2,root,C#,120,114,0.95
orig,42,thinkpad-2,root,D,120,63,0.525
orig,42,thinkpad-2,root,D#,120,111,0.925
orig,42,thinkpad-2,root,E,120,108,0.9
orig,42,thinkpad-2,root,F,120,83,0.6916666666666667
orig,42,thinkpad-2,root,F#,120,87,0.725
orig,42,thinkpad-2,root,G,120,80,0.6666666666666666
orig,42,thinkpad-2,root,G#,120,25,0.2083333333333333
orig,42,flow-2,quality,diminished,480,479,0.9979166666666668
orig,42,flow-2,quality,major,480,350,0.7291666666666666
orig,42,flow-2,quality,minor,480,377,0.7854166666666667
orig,42,flow-2,root,A,120,48,0.4
orig,42,flow-2,root,A#,120,87,0.725
orig,42,flow-2,root,B,120,18,0.15
orig,42,flow-2,root,C,120,120,1.0
orig,42,flow-2,root,C#,120,118,0.9833333333333332
orig,42,flow-2,root,D,120,120,1.0
orig,42,flow-2,root,D#,120,119,0.9916666666666668
orig,42,flow-2,root,E,120,116,0.9666666666666668
orig,42,flow-2,root,F,120,118,0.9833333333333332
orig,42,flow-2,root,F#,120,119,0.9916666666666668
orig,42,flow-2,root,G,120,97,0.8083333333333333
orig,42,flow-2,root,G#,120,93,0.775
orig,43,test,quality,diminished,240,240,1.0
orig,43,test,quality,major,240,240,1.0
orig,43,test,quality,minor,240,240,1.0
orig,43,test,root,A,60,60,1.0
orig,43,test,root,A#,60,60,1.0
orig,43,test,root,B,60,60,1.0
orig,43,test,root,C,60,60,1.0
orig,43,test,root,C#,60,60,1.0
orig,43,test,root,D,60,60,1.0
orig,43,test,root,D#,60,60,1.0
orig,43,test,root,E,60,60,1.0
orig,43,test,root,F,60,60,1.0
orig,43,test,root,F#,60,60,1.0
orig,43,test,root,G,60,60,1.0
orig,43,test,root,G#,60,60,1.0
orig,43,val,quality,diminished,240,240,1.0
orig,43,val,quality,major,240,240,1.0
orig,43,val,quality,minor,240,240,1.0
orig,43,val,root,A,60,60,1.0
orig,43,val,root,A#,60,60,1.0
orig,43,val,root,B,60,60,1.0
orig,43,val,root,C,60,60,1.0
orig,43,val,root,C#,60,60,1.0
orig,43,val,root,D,60,60,1.0
orig,43,val,root,D#,60,60,1.0
orig,43,val,root,E,60,60,1.0
orig,43,val,root,F,60,60,1.0
orig,43,val,root,F#,60,60,1.0
orig,43,val,root,G,60,60,1.0
orig,43,val,root,G#,60,60,1.0
orig,43,thinkpad,quality,diminished,480,480,1.0
orig,43,thinkpad,quality,major,480,404,0.8416666666666667
orig,43,thinkpad,quality,minor,480,393,0.81875
orig,43,thinkpad,root,A,120,107,0.8916666666666667
orig,43,thinkpad,root,A#,120,120,1.0
orig,43,thinkpad,root,B,120,117,0.975
orig,43,thinkpad,root,C,120,120,1.0
orig,43,thinkpad,root,C#,120,113,0.9416666666666668
orig,43,thinkpad,root,D,120,76,0.6333333333333333
orig,43,thinkpad,root,D#,120,63,0.525
orig,43,thinkpad,root,E,120,114,0.95
orig,43,thinkpad,root,F,120,92,0.7666666666666667
orig,43,thinkpad,root,F#,120,120,1.0
orig,43,thinkpad,root,G,120,120,1.0
orig,43,thinkpad,root,G#,120,120,1.0
orig,43,vivo,quality,diminished,480,450,0.9375
orig,43,vivo,quality,major,480,480,1.0
orig,43,vivo,quality,minor,480,479,0.9979166666666668
orig,43,vivo,root,A,120,120,1.0
orig,43,vivo,root,A#,120,120,1.0
orig,43,vivo,root,B,120,120,1.0
orig,43,vivo,root,C,120,120,1.0
orig,43,vivo,root,C#,120,120,1.0
orig,43,vivo,root,D,120,120,1.0
orig,43,vivo,root,D#,120,119,0.9916666666666668
orig,43,vivo,root,E,120,119,0.9916666666666668
orig,43,vivo,root,F,120,120,1.0
orig,43,vivo,root,F#,120,120,1.0
orig,43,vivo,root,G,120,120,1.0
orig,43,vivo,root,G#,120,120,1.0
orig,43,flow,quality,diminished,480,480,1.0
orig,43,flow,quality,major,480,477,0.99375
orig,43,flow,quality,minor,480,476,0.9916666666666668
orig,43,flow,root,A,120,120,1.0
orig,43,flow,root,A#,120,120,1.0
orig,43,flow,root,B,120,120,1.0
orig,43,flow,root,C,120,120,1.0
orig,43,flow,root,C#,120,120,1.0
orig,43,flow,root,D,120,119,0.9916666666666668
orig,43,flow,root,D#,120,119,0.9916666666666668
orig,43,flow,root,E,120,119,0.9916666666666668
orig,43,flow,root,F,120,120,1.0
orig,43,flow,root,F#,120,120,1.0
orig,43,flow,root,G,120,119,0.9916666666666668
orig,43,flow,root,G#,120,120,1.0
orig,43,thinkpad-2,quality,diminished,480,480,1.0
orig,43,thinkpad-2,quality,major,480,240,0.5
orig,43,thinkpad-2,quality,minor,480,258,0.5375
orig,43,thinkpad-2,root,A,120,1,0.0083333333333333
orig,43,thinkpad-2,root,A#,120,57,0.475
orig,43,thinkpad-2,root,B,120,0,0.0
orig,43,thinkpad-2,root,C,120,120,1.0
orig,43,thinkpad-2,root,C#,120,116,0.9666666666666668
orig,43,thinkpad-2,root,D,120,67,0.5583333333333333
orig,43,thinkpad-2,root,D#,120,113,0.9416666666666668
orig,43,thinkpad-2,root,E,120,109,0.9083333333333332
orig,43,thinkpad-2,root,F,120,86,0.7166666666666667
orig,43,thinkpad-2,root,F#,120,77,0.6416666666666667
orig,43,thinkpad-2,root,G,120,76,0.6333333333333333
orig,43,thinkpad-2,root,G#,120,44,0.3666666666666666
orig,43,flow-2,quality,diminished,480,480,1.0
orig,43,flow-2,quality,major,480,380,0.7916666666666666
orig,43,flow-2,quality,minor,480,374,0.7791666666666667
orig,43,flow-2,root,A,120,23,0.1916666666666666
orig,43,flow-2,root,A#,120,91,0.7583333333333333
orig,43,flow-2,root,B,120,35,0.2916666666666667
orig,43,flow-2,root,C,120,120,1.0
orig,43,flow-2,root,C#,120,119,0.9916666666666668
orig,43,flow-2,root,D,120,120,1.0
orig,43,flow-2,root,D#,120,119,0.9916666666666668
orig,43,flow-2,root,E,120,116,0.9666666666666668
orig,43,flow-2,root,F,120,118,0.9833333333333332
orig,43,flow-2,root,F#,120,119,0.9916666666666668
orig,43,flow-2,root,G,120,103,0.8583333333333333
orig,43,flow-2,root,G#,120,110,0.9166666666666666
orig,44,test,quality,diminished,240,240,1.0
orig,44,test,quality,major,240,240,1.0
orig,44,test,quality,minor,240,240,1.0
orig,44,test,root,A,60,60,1.0
orig,44,test,root,A#,60,60,1.0
orig,44,test,root,B,60,60,1.0
orig,44,test,root,C,60,60,1.0
orig,44,test,root,C#,60,60,1.0
orig,44,test,root,D,60,60,1.0
orig,44,test,root,D#,60,60,1.0
orig,44,test,root,E,60,60,1.0
orig,44,test,root,F,60,60,1.0
orig,44,test,root,F#,60,60,1.0
orig,44,test,root,G,60,60,1.0
orig,44,test,root,G#,60,60,1.0
orig,44,val,quality,diminished,240,240,1.0
orig,44,val,quality,major,240,240,1.0
orig,44,val,quality,minor,240,240,1.0
orig,44,val,root,A,60,60,1.0
orig,44,val,root,A#,60,60,1.0
orig,44,val,root,B,60,60,1.0
orig,44,val,root,C,60,60,1.0
orig,44,val,root,C#,60,60,1.0
orig,44,val,root,D,60,60,1.0
orig,44,val,root,D#,60,60,1.0
orig,44,val,root,E,60,60,1.0
orig,44,val,root,F,60,60,1.0
orig,44,val,root,F#,60,60,1.0
orig,44,val,root,G,60,60,1.0
orig,44,val,root,G#,60,60,1.0
orig,44,thinkpad,quality,diminished,480,480,1.0
orig,44,thinkpad,quality,major,480,370,0.7708333333333334
orig,44,thinkpad,quality,minor,480,322,0.6708333333333333
orig,44,thinkpad,root,A,120,109,0.9083333333333332
orig,44,thinkpad,root,A#,120,90,0.75
orig,44,thinkpad,root,B,120,99,0.825
orig,44,thinkpad,root,C,120,120,1.0
orig,44,thinkpad,root,C#,120,113,0.9416666666666668
orig,44,thinkpad,root,D,120,61,0.5083333333333333
orig,44,thinkpad,root,D#,120,46,0.3833333333333333
orig,44,thinkpad,root,E,120,108,0.9
orig,44,thinkpad,root,F,120,74,0.6166666666666667
orig,44,thinkpad,root,F#,120,119,0.9916666666666668
orig,44,thinkpad,root,G,120,120,1.0
orig,44,thinkpad,root,G#,120,120,1.0
orig,44,vivo,quality,diminished,480,444,0.925
orig,44,vivo,quality,major,480,480,1.0
orig,44,vivo,quality,minor,480,479,0.9979166666666668
orig,44,vivo,root,A,120,120,1.0
orig,44,vivo,root,A#,120,120,1.0
orig,44,vivo,root,B,120,120,1.0
orig,44,vivo,root,C,120,120,1.0
orig,44,vivo,root,C#,120,120,1.0
orig,44,vivo,root,D,120,120,1.0
orig,44,vivo,root,D#,120,119,0.9916666666666668
orig,44,vivo,root,E,120,120,1.0
orig,44,vivo,root,F,120,120,1.0
orig,44,vivo,root,F#,120,120,1.0
orig,44,vivo,root,G,120,120,1.0
orig,44,vivo,root,G#,120,120,1.0
orig,44,flow,quality,diminished,480,480,1.0
orig,44,flow,quality,major,480,476,0.9916666666666668
orig,44,flow,quality,minor,480,476,0.9916666666666668
orig,44,flow,root,A,120,120,1.0
orig,44,flow,root,A#,120,120,1.0
orig,44,flow,root,B,120,119,0.9916666666666668
orig,44,flow,root,C,120,120,1.0
orig,44,flow,root,C#,120,120,1.0
orig,44,flow,root,D,120,119,0.9916666666666668
orig,44,flow,root,D#,120,119,0.9916666666666668
orig,44,flow,root,E,120,118,0.9833333333333332
orig,44,flow,root,F,120,120,1.0
orig,44,flow,root,F#,120,120,1.0
orig,44,flow,root,G,120,119,0.9916666666666668
orig,44,flow,root,G#,120,119,0.9916666666666668
orig,44,thinkpad-2,quality,diminished,480,480,1.0
orig,44,thinkpad-2,quality,major,480,207,0.43125
orig,44,thinkpad-2,quality,minor,480,238,0.4958333333333333
orig,44,thinkpad-2,root,A,120,9,0.075
orig,44,thinkpad-2,root,A#,120,44,0.3666666666666666
orig,44,thinkpad-2,root,B,120,0,0.0
orig,44,thinkpad-2,root,C,120,120,1.0
orig,44,thinkpad-2,root,C#,120,112,0.9333333333333332
orig,44,thinkpad-2,root,D,120,61,0.5083333333333333
orig,44,thinkpad-2,root,D#,120,111,0.925
orig,44,thinkpad-2,root,E,120,107,0.8916666666666667
orig,44,thinkpad-2,root,F,120,65,0.5416666666666666
orig,44,thinkpad-2,root,F#,120,73,0.6083333333333333
orig,44,thinkpad-2,root,G,120,80,0.6666666666666666
orig,44,thinkpad-2,root,G#,120,30,0.25
orig,44,flow-2,quality,diminished,480,480,1.0
orig,44,flow-2,quality,major,480,334,0.6958333333333333
orig,44,flow-2,quality,minor,480,351,0.73125
orig,44,flow-2,root,A,120,40,0.3333333333333333
orig,44,flow-2,root,A#,120,62,0.5166666666666667
orig,44,flow-2,root,B,120,16,0.1333333333333333
orig,44,flow-2,root,C,120,120,1.0
orig,44,flow-2,root,C#,120,117,0.975
orig,44,flow-2,root,D,120,120,1.0
orig,44,flow-2,root,D#,120,119,0.9916666666666668
orig,44,flow-2,root,E,120,115,0.9583333333333334
orig,44,flow-2,root,F,120,116,0.9666666666666668
orig,44,flow-2,root,F#,120,119,0.9916666666666668
orig,44,flow-2,root,G,120,92,0.7666666666666667
orig,44,flow-2,root,G#,120,88,0.7333333333333333
orig,45,test,quality,diminished,240,240,1.0
orig,45,test,quality,major,240,240,1.0
orig,45,test,quality,minor,240,240,1.0
orig,45,test,root,A,60,60,1.0
orig,45,test,root,A#,60,60,1.0
orig,45,test,root,B,60,60,1.0
orig,45,test,root,C,60,60,1.0
orig,45,test,root,C#,60,60,1.0
orig,45,test,root,D,60,60,1.0
orig,45,test,root,D#,60,60,1.0
orig,45,test,root,E,60,60,1.0
orig,45,test,root,F,60,60,1.0
orig,45,test,root,F#,60,60,1.0
orig,45,test,root,G,60,60,1.0
orig,45,test,root,G#,60,60,1.0
orig,45,val,quality,diminished,240,240,1.0
orig,45,val,quality,major,240,240,1.0
orig,45,val,quality,minor,240,240,1.0
orig,45,val,root,A,60,60,1.0
orig,45,val,root,A#,60,60,1.0
orig,45,val,root,B,60,60,1.0
orig,45,val,root,C,60,60,1.0
orig,45,val,root,C#,60,60,1.0
orig,45,val,root,D,60,60,1.0
orig,45,val,root,D#,60,60,1.0
orig,45,val,root,E,60,60,1.0
orig,45,val,root,F,60,60,1.0
orig,45,val,root,F#,60,60,1.0
orig,45,val,root,G,60,60,1.0
orig,45,val,root,G#,60,60,1.0
orig,45,thinkpad,quality,diminished,480,480,1.0
orig,45,thinkpad,quality,major,480,334,0.6958333333333333
orig,45,thinkpad,quality,minor,480,333,0.69375
orig,45,thinkpad,root,A,120,103,0.8583333333333333
orig,45,thinkpad,root,A#,120,117,0.975
orig,45,thinkpad,root,B,120,93,0.775
orig,45,thinkpad,root,C,120,120,1.0
orig,45,thinkpad,root,C#,120,108,0.9
orig,45,thinkpad,root,D,120,45,0.375
orig,45,thinkpad,root,D#,120,41,0.3416666666666667
orig,45,thinkpad,root,E,120,99,0.825
orig,45,thinkpad,root,F,120,65,0.5416666666666666
orig,45,thinkpad,root,F#,120,103,0.8583333333333333
orig,45,thinkpad,root,G,120,120,1.0
orig,45,thinkpad,root,G#,120,120,1.0
orig,45,vivo,quality,diminished,480,447,0.93125
orig,45,vivo,quality,major,480,479,0.9979166666666668
orig,45,vivo,quality,minor,480,479,0.9979166666666668
orig,45,vivo,root,A,120,120,1.0
orig,45,vivo,root,A#,120,120,1.0
orig,45,vivo,root,B,120,120,1.0
orig,45,vivo,root,C,120,120,1.0
orig,45,vivo,root,C#,120,120,1.0
orig,45,vivo,root,D,120,119,0.9916666666666668
orig,45,vivo,root,D#,120,119,0.9916666666666668
orig,45,vivo,root,E,120,119,0.9916666666666668
orig,45,vivo,root,F,120,120,1.0
orig,45,vivo,root,F#,120,120,1.0
orig,45,vivo,root,G,120,119,0.9916666666666668
orig,45,vivo,root,G#,120,120,1.0
orig,45,flow,quality,diminished,480,480,1.0
orig,45,flow,quality,major,480,474,0.9875
orig,45,flow,quality,minor,480,473,0.9854166666666668
orig,45,flow,root,A,120,120,1.0
orig,45,flow,root,A#,120,120,1.0
orig,45,flow,root,B,120,118,0.9833333333333332
orig,45,flow,root,C,120,120,1.0
orig,45,flow,root,C#,120,120,1.0
orig,45,flow,root,D,120,118,0.9833333333333332
orig,45,flow,root,D#,120,118,0.9833333333333332
orig,45,flow,root,E,120,118,0.9833333333333332
orig,45,flow,root,F,120,120,1.0
orig,45,flow,root,F#,120,120,1.0
orig,45,flow,root,G,120,119,0.9916666666666668
orig,45,flow,root,G#,120,118,0.9833333333333332
orig,45,thinkpad-2,quality,diminished,480,480,1.0
orig,45,thinkpad-2,quality,major,480,165,0.34375
orig,45,thinkpad-2,quality,minor,480,203,0.4229166666666666
orig,45,thinkpad-2,root,A,120,2,0.0166666666666666
orig,45,thinkpad-2,root,A#,120,32,0.2666666666666666
orig,45,thinkpad-2,root,B,120,0,0.0
orig,45,thinkpad-2,root,C,120,120,1.0
orig,45,thinkpad-2,root,C#,120,109,0.9083333333333332
orig,45,thinkpad-2,root,D,120,49,0.4083333333333333
orig,45,thinkpad-2,root,D#,120,97,0.8083333333333333
orig,45,thinkpad-2,root,E,120,101,0.8416666666666667
orig,45,thinkpad-2,root,F,120,59,0.4916666666666666
orig,45,thinkpad-2,root,F#,120,58,0.4833333333333333
orig,45,thinkpad-2,root,G,120,48,0.4
orig,45,thinkpad-2,root,G#,120,24,0.2
orig,45,flow-2,quality,diminished,480,480,1.0
orig,45,flow-2,quality,major,480,303,0.63125
orig,45,flow-2,quality,minor,480,369,0.76875
orig,45,flow-2,root,A,120,28,0.2333333333333333
orig,45,flow-2,root,A#,120,68,0.5666666666666667
orig,45,flow-2,root,B,120,2,0.0166666666666666
orig,45,flow-2,root,C,120,120,1.0
orig,45,flow-2,root,C#,120,117,0.975
orig,45,flow-2,root,D,120,119,0.9916666666666668
orig,45,flow-2,root,D#,120,119,0.9916666666666668
orig,45,flow-2,root,E,120,114,0.95
orig,45,flow-2,root,F,120,112,0.9333333333333332
orig,45,flow-2,root,F#,120,103,0.8583333333333333
orig,45,flow-2,root,G,120,89,0.7416666666666667
orig,45,flow-2,root,G#,120,71,0.5916666666666667
orig,46,test,quality,diminished,240,240,1.0
orig,46,test,quality,major,240,240,1.0
orig,46,test,quality,minor,240,240,1.0
orig,46,test,root,A,60,60,1.0
orig,46,test,root,A#,60,60,1.0
orig,46,test,root,B,60,60,1.0
orig,46,test,root,C,60,60,1.0
orig,46,test,root,C#,60,60,1.0
orig,46,test,root,D,60,60,1.0
orig,46,test,root,D#,60,60,1.0
orig,46,test,root,E,60,60,1.0
orig,46,test,root,F,60,60,1.0
orig,46,test,root,F#,60,60,1.0
orig,46,test,root,G,60,60,1.0
orig,46,test,root,G#,60,60,1.0
orig,46,val,quality,diminished,240,240,1.0
orig,46,val,quality,major,240,240,1.0
orig,46,val,quality,minor,240,240,1.0
orig,46,val,root,A,60,60,1.0
orig,46,val,root,A#,60,60,1.0
orig,46,val,root,B,60,60,1.0
orig,46,val,root,C,60,60,1.0
orig,46,val,root,C#,60,60,1.0
orig,46,val,root,D,60,60,1.0
orig,46,val,root,D#,60,60,1.0
orig,46,val,root,E,60,60,1.0
orig,46,val,root,F,60,60,1.0
orig,46,val,root,F#,60,60,1.0
orig,46,val,root,G,60,60,1.0
orig,46,val,root,G#,60,60,1.0
orig,46,thinkpad,quality,diminished,480,480,1.0
orig,46,thinkpad,quality,major,480,349,0.7270833333333333
orig,46,thinkpad,quality,minor,480,354,0.7375
orig,46,thinkpad,root,A,120,103,0.8583333333333333
orig,46,thinkpad,root,A#,120,119,0.9916666666666668
orig,46,thinkpad,root,B,120,112,0.9333333333333332
orig,46,thinkpad,root,C,120,120,1.0
orig,46,thinkpad,root,C#,120,112,0.9333333333333332
orig,46,thinkpad,root,D,120,48,0.4
orig,46,thinkpad,root,D#,120,44,0.3666666666666666
orig,46,thinkpad,root,E,120,102,0.85
orig,46,thinkpad,root,F,120,81,0.675
orig,46,thinkpad,root,F#,120,119,0.9916666666666668
orig,46,thinkpad,root,G,120,120,1.0
orig,46,thinkpad,root,G#,120,120,1.0
orig,46,vivo,quality,diminished,480,452,0.9416666666666668
orig,46,vivo,quality,major,480,480,1.0
orig,46,vivo,quality,minor,480,478,0.9958333333333332
orig,46,vivo,root,A,120,120,1.0
orig,46,vivo,root,A#,120,120,1.0
orig,46,vivo,root,B,120,120,1.0
orig,46,vivo,root,C,120,120,1.0
orig,46,vivo,root,C#,120,120,1.0
orig,46,vivo,root,D,120,120,1.0
orig,46,vivo,root,D#,120,118,0.9833333333333332
orig,46,vivo,root,E,120,115,0.9583333333333334
orig,46,vivo,root,F,120,120,1.0
orig,46,vivo,root,F#,120,120,1.0
orig,46,vivo,root,G,120,120,1.0
orig,46,vivo,root,G#,120,120,1.0
orig,46,flow,quality,diminished,480,480,1.0
orig,46,flow,quality,major,480,473,0.9854166666666668
orig,46,flow,quality,minor,480,474,0.9875
orig,46,flow,root,A,120,119,0.9916666666666668
orig,46,flow,root,A#,120,120,1.0
orig,46,flow,root,B,120,120,1.0
orig,46,flow,root,C,120,120,1.0
orig,46,flow,root,C#,120,120,1.0
orig,46,flow,root,D,120,118,0.9833333333333332
orig,46,flow,root,D#,120,118,0.9833333333333332
orig,46,flow,root,E,120,118,0.9833333333333332
orig,46,flow,root,F,120,120,1.0
orig,46,flow,root,F#,120,120,1.0
orig,46,flow,root,G,120,118,0.9833333333333332
orig,46,flow,root,G#,120,119,0.9916666666666668
orig,46,thinkpad-2,quality,diminished,480,480,1.0
orig,46,thinkpad-2,quality,major,480,183,0.38125
orig,46,thinkpad-2,quality,minor,480,192,0.4
orig,46,thinkpad-2,root,A,120,1,0.0083333333333333
orig,46,thinkpad-2,root,A#,120,40,0.3333333333333333
orig,46,thinkpad-2,root,B,120,0,0.0
orig,46,thinkpad-2,root,C,120,120,1.0
orig,46,thinkpad-2,root,C#,120,106,0.8833333333333333
orig,46,thinkpad-2,root,D,120,44,0.3666666666666666
orig,46,thinkpad-2,root,D#,120,97,0.8083333333333333
orig,46,thinkpad-2,root,E,120,101,0.8416666666666667
orig,46,thinkpad-2,root,F,120,68,0.5666666666666667
orig,46,thinkpad-2,root,F#,120,66,0.55
orig,46,thinkpad-2,root,G,120,79,0.6583333333333333
orig,46,thinkpad-2,root,G#,120,25,0.2083333333333333
orig,46,flow-2,quality,diminished,480,480,1.0
orig,46,flow-2,quality,major,480,342,0.7125
orig,46,flow-2,quality,minor,480,363,0.75625
orig,46,flow-2,root,A,120,28,0.2333333333333333
orig,46,flow-2,root,A#,120,80,0.6666666666666666
orig,46,flow-2,root,B,120,6,0.05
orig,46,flow-2,root,C,120,120,1.0
orig,46,flow-2,root,C#,120,116,0.9666666666666668
orig,46,flow-2,root,D,120,119,0.9916666666666668
orig,46,flow-2,root,D#,120,119,0.9916666666666668
orig,46,flow-2,root,E,120,115,0.9583333333333334
orig,46,flow-2,root,F,120,118,0.9833333333333332
orig,46,flow-2,root,F#,120,119,0.9916666666666668
orig,46,flow-2,root,G,120,103,0.8583333333333333
orig,46,flow-2,root,G#,120,88,0.7333333333333333
clean,42,test,quality,diminished,239,239,1.0
clean,42,test,quality,major,239,239,1.0
clean,42,test,quality,minor,240,240,1.0
clean,42,test,root,A,60,60,1.0
clean,42,test,root,A#,59,59,1.0
clean,42,test,root,B,60,60,1.0
clean,42,test,root,C,59,59,1.0
clean,42,test,root,C#,60,60,1.0
clean,42,test,root,D,60,60,1.0
clean,42,test,root,D#,60,60,1.0
clean,42,test,root,E,60,60,1.0
clean,42,test,root,F,60,60,1.0
clean,42,test,root,F#,60,60,1.0
clean,42,test,root,G,60,60,1.0
clean,42,test,root,G#,60,60,1.0
clean,42,val,quality,diminished,239,239,1.0
clean,42,val,quality,major,239,239,1.0
clean,42,val,quality,minor,240,240,1.0
clean,42,val,root,A,60,60,1.0
clean,42,val,root,A#,59,59,1.0
clean,42,val,root,B,60,60,1.0
clean,42,val,root,C,59,59,1.0
clean,42,val,root,C#,60,60,1.0
clean,42,val,root,D,60,60,1.0
clean,42,val,root,D#,60,60,1.0
clean,42,val,root,E,60,60,1.0
clean,42,val,root,F,60,60,1.0
clean,42,val,root,F#,60,60,1.0
clean,42,val,root,G,60,60,1.0
clean,42,val,root,G#,60,60,1.0
clean,42,thinkpad,quality,diminished,480,480,1.0
clean,42,thinkpad,quality,major,480,365,0.7604166666666666
clean,42,thinkpad,quality,minor,480,334,0.6958333333333333
clean,42,thinkpad,root,A,120,114,0.95
clean,42,thinkpad,root,A#,120,118,0.9833333333333332
clean,42,thinkpad,root,B,120,91,0.7583333333333333
clean,42,thinkpad,root,C,120,120,1.0
clean,42,thinkpad,root,C#,120,115,0.9583333333333334
clean,42,thinkpad,root,D,120,41,0.3416666666666667
clean,42,thinkpad,root,D#,120,45,0.375
clean,42,thinkpad,root,E,120,106,0.8833333333333333
clean,42,thinkpad,root,F,120,86,0.7166666666666667
clean,42,thinkpad,root,F#,120,86,0.7166666666666667
clean,42,thinkpad,root,G,120,120,1.0
clean,42,thinkpad,root,G#,120,120,1.0
clean,42,vivo,quality,diminished,480,437,0.9104166666666668
clean,42,vivo,quality,major,480,480,1.0
clean,42,vivo,quality,minor,480,480,1.0
clean,42,vivo,root,A,120,120,1.0
clean,42,vivo,root,A#,120,120,1.0
clean,42,vivo,root,B,120,120,1.0
clean,42,vivo,root,C,120,120,1.0
clean,42,vivo,root,C#,120,120,1.0
clean,42,vivo,root,D,120,120,1.0
clean,42,vivo,root,D#,120,120,1.0
clean,42,vivo,root,E,120,120,1.0
clean,42,vivo,root,F,120,120,1.0
clean,42,vivo,root,F#,120,120,1.0
clean,42,vivo,root,G,120,120,1.0
clean,42,vivo,root,G#,120,120,1.0
clean,42,flow,quality,diminished,480,479,0.9979166666666668
clean,42,flow,quality,major,480,477,0.99375
clean,42,flow,quality,minor,480,474,0.9875
clean,42,flow,root,A,120,120,1.0
clean,42,flow,root,A#,120,120,1.0
clean,42,flow,root,B,120,119,0.9916666666666668
clean,42,flow,root,C,120,120,1.0
clean,42,flow,root,C#,120,120,1.0
clean,42,flow,root,D,120,118,0.9833333333333332
clean,42,flow,root,D#,120,119,0.9916666666666668
clean,42,flow,root,E,120,119,0.9916666666666668
clean,42,flow,root,F,120,120,1.0
clean,42,flow,root,F#,120,120,1.0
clean,42,flow,root,G,120,119,0.9916666666666668
clean,42,flow,root,G#,120,120,1.0
clean,42,thinkpad-2,quality,diminished,480,480,1.0
clean,42,thinkpad-2,quality,major,480,147,0.30625
clean,42,thinkpad-2,quality,minor,480,200,0.4166666666666667
clean,42,thinkpad-2,root,A,120,15,0.125
clean,42,thinkpad-2,root,A#,120,1,0.0083333333333333
clean,42,thinkpad-2,root,B,120,0,0.0
clean,42,thinkpad-2,root,C,120,120,1.0
clean,42,thinkpad-2,root,C#,120,116,0.9666666666666668
clean,42,thinkpad-2,root,D,120,36,0.3
clean,42,thinkpad-2,root,D#,120,90,0.75
clean,42,thinkpad-2,root,E,120,108,0.9
clean,42,thinkpad-2,root,F,120,71,0.5916666666666667
clean,42,thinkpad-2,root,F#,120,7,0.0583333333333333
clean,42,thinkpad-2,root,G,120,81,0.675
clean,42,thinkpad-2,root,G#,120,24,0.2
clean,42,flow-2,quality,diminished,480,480,1.0
clean,42,flow-2,quality,major,480,339,0.70625
clean,42,flow-2,quality,minor,480,356,0.7416666666666667
clean,42,flow-2,root,A,120,31,0.2583333333333333
clean,42,flow-2,root,A#,120,21,0.175
clean,42,flow-2,root,B,120,6,0.05
clean,42,flow-2,root,C,120,120,1.0
clean,42,flow-2,root,C#,120,119,0.9916666666666668
clean,42,flow-2,root,D,120,119,0.9916666666666668
clean,42,flow-2,root,D#,120,118,0.9833333333333332
clean,42,flow-2,root,E,120,118,0.9833333333333332
clean,42,flow-2,root,F,120,118,0.9833333333333332
clean,42,flow-2,root,F#,120,82,0.6833333333333333
clean,42,flow-2,root,G,120,97,0.8083333333333333
clean,42,flow-2,root,G#,120,100,0.8333333333333334
clean,43,test,quality,diminished,239,239,1.0
clean,43,test,quality,major,239,239,1.0
clean,43,test,quality,minor,240,240,1.0
clean,43,test,root,A,60,60,1.0
clean,43,test,root,A#,59,59,1.0
clean,43,test,root,B,60,60,1.0
clean,43,test,root,C,59,59,1.0
clean,43,test,root,C#,60,60,1.0
clean,43,test,root,D,60,60,1.0
clean,43,test,root,D#,60,60,1.0
clean,43,test,root,E,60,60,1.0
clean,43,test,root,F,60,60,1.0
clean,43,test,root,F#,60,60,1.0
clean,43,test,root,G,60,60,1.0
clean,43,test,root,G#,60,60,1.0
clean,43,val,quality,diminished,239,239,1.0
clean,43,val,quality,major,239,239,1.0
clean,43,val,quality,minor,240,240,1.0
clean,43,val,root,A,60,60,1.0
clean,43,val,root,A#,59,59,1.0
clean,43,val,root,B,60,60,1.0
clean,43,val,root,C,59,59,1.0
clean,43,val,root,C#,60,60,1.0
clean,43,val,root,D,60,60,1.0
clean,43,val,root,D#,60,60,1.0
clean,43,val,root,E,60,60,1.0
clean,43,val,root,F,60,60,1.0
clean,43,val,root,F#,60,60,1.0
clean,43,val,root,G,60,60,1.0
clean,43,val,root,G#,60,60,1.0
clean,43,thinkpad,quality,diminished,480,459,0.95625
clean,43,thinkpad,quality,major,480,311,0.6479166666666667
clean,43,thinkpad,quality,minor,480,261,0.54375
clean,43,thinkpad,root,A,120,110,0.9166666666666666
clean,43,thinkpad,root,A#,120,95,0.7916666666666666
clean,43,thinkpad,root,B,120,68,0.5666666666666667
clean,43,thinkpad,root,C,120,120,1.0
clean,43,thinkpad,root,C#,120,105,0.875
clean,43,thinkpad,root,D,120,26,0.2166666666666666
clean,43,thinkpad,root,D#,120,20,0.1666666666666666
clean,43,thinkpad,root,E,120,86,0.7166666666666667
clean,43,thinkpad,root,F,120,54,0.45
clean,43,thinkpad,root,F#,120,111,0.925
clean,43,thinkpad,root,G,120,108,0.9
clean,43,thinkpad,root,G#,120,120,1.0
clean,43,vivo,quality,diminished,480,442,0.9208333333333332
clean,43,vivo,quality,major,480,480,1.0
clean,43,vivo,quality,minor,480,478,0.9958333333333332
clean,43,vivo,root,A,120,120,1.0
clean,43,vivo,root,A#,120,120,1.0
clean,43,vivo,root,B,120,120,1.0
clean,43,vivo,root,C,120,120,1.0
clean,43,vivo,root,C#,120,120,1.0
clean,43,vivo,root,D,120,120,1.0
clean,43,vivo,root,D#,120,118,0.9833333333333332
clean,43,vivo,root,E,120,120,1.0
clean,43,vivo,root,F,120,120,1.0
clean,43,vivo,root,F#,120,120,1.0
clean,43,vivo,root,G,120,119,0.9916666666666668
clean,43,vivo,root,G#,120,120,1.0
clean,43,flow,quality,diminished,480,479,0.9979166666666668
clean,43,flow,quality,major,480,470,0.9791666666666666
clean,43,flow,quality,minor,480,452,0.9416666666666668
clean,43,flow,root,A,120,120,1.0
clean,43,flow,root,A#,120,120,1.0
clean,43,flow,root,B,120,112,0.9333333333333332
clean,43,flow,root,C,120,120,1.0
clean,43,flow,root,C#,120,119,0.9916666666666668
clean,43,flow,root,D,120,118,0.9833333333333332
clean,43,flow,root,D#,120,105,0.875
clean,43,flow,root,E,120,116,0.9666666666666668
clean,43,flow,root,F,120,120,1.0
clean,43,flow,root,F#,120,120,1.0
clean,43,flow,root,G,120,118,0.9833333333333332
clean,43,flow,root,G#,120,118,0.9833333333333332
clean,43,thinkpad-2,quality,diminished,480,446,0.9291666666666668
clean,43,thinkpad-2,quality,major,480,148,0.3083333333333333
clean,43,thinkpad-2,quality,minor,480,145,0.3020833333333333
clean,43,thinkpad-2,root,A,120,0,0.0
clean,43,thinkpad-2,root,A#,120,0,0.0
clean,43,thinkpad-2,root,B,120,0,0.0
clean,43,thinkpad-2,root,C,120,120,1.0
clean,43,thinkpad-2,root,C#,120,109,0.9083333333333332
clean,43,thinkpad-2,root,D,120,22,0.1833333333333333
clean,43,thinkpad-2,root,D#,120,80,0.6666666666666666
clean,43,thinkpad-2,root,E,120,97,0.8083333333333333
clean,43,thinkpad-2,root,F,120,49,0.4083333333333333
clean,43,thinkpad-2,root,F#,120,52,0.4333333333333333
clean,43,thinkpad-2,root,G,120,30,0.25
clean,43,thinkpad-2,root,G#,120,0,0.0
clean,43,flow-2,quality,diminished,480,441,0.91875
clean,43,flow-2,quality,major,480,306,0.6375
clean,43,flow-2,quality,minor,480,314,0.6541666666666667
clean,43,flow-2,root,A,120,28,0.2333333333333333
clean,43,flow-2,root,A#,120,4,0.0333333333333333
clean,43,flow-2,root,B,120,2,0.0166666666666666
clean,43,flow-2,root,C,120,120,1.0
clean,43,flow-2,root,C#,120,117,0.975
clean,43,flow-2,root,D,120,114,0.95
clean,43,flow-2,root,D#,120,114,0.95
clean,43,flow-2,root,E,120,114,0.95
clean,43,flow-2,root,F,120,115,0.9583333333333334
clean,43,flow-2,root,F#,120,111,0.925
clean,43,flow-2,root,G,120,77,0.6416666666666667
clean,43,flow-2,root,G#,120,34,0.2833333333333333
clean,44,test,quality,diminished,239,239,1.0
clean,44,test,quality,major,239,239,1.0
clean,44,test,quality,minor,240,240,1.0
clean,44,test,root,A,60,60,1.0
clean,44,test,root,A#,59,59,1.0
clean,44,test,root,B,60,60,1.0
clean,44,test,root,C,59,59,1.0
clean,44,test,root,C#,60,60,1.0
clean,44,test,root,D,60,60,1.0
clean,44,test,root,D#,60,60,1.0
clean,44,test,root,E,60,60,1.0
clean,44,test,root,F,60,60,1.0
clean,44,test,root,F#,60,60,1.0
clean,44,test,root,G,60,60,1.0
clean,44,test,root,G#,60,60,1.0
clean,44,val,quality,diminished,239,239,1.0
clean,44,val,quality,major,239,239,1.0
clean,44,val,quality,minor,240,240,1.0
clean,44,val,root,A,60,60,1.0
clean,44,val,root,A#,59,59,1.0
clean,44,val,root,B,60,60,1.0
clean,44,val,root,C,59,59,1.0
clean,44,val,root,C#,60,60,1.0
clean,44,val,root,D,60,60,1.0
clean,44,val,root,D#,60,60,1.0
clean,44,val,root,E,60,60,1.0
clean,44,val,root,F,60,60,1.0
clean,44,val,root,F#,60,60,1.0
clean,44,val,root,G,60,60,1.0
clean,44,val,root,G#,60,60,1.0
clean,44,thinkpad,quality,diminished,480,479,0.9979166666666668
clean,44,thinkpad,quality,major,480,343,0.7145833333333333
clean,44,thinkpad,quality,minor,480,307,0.6395833333333333
clean,44,thinkpad,root,A,120,99,0.825
clean,44,thinkpad,root,A#,120,111,0.925
clean,44,thinkpad,root,B,120,84,0.7
clean,44,thinkpad,root,C,120,120,1.0
clean,44,thinkpad,root,C#,120,112,0.9333333333333332
clean,44,thinkpad,root,D,120,44,0.3666666666666666
clean,44,thinkpad,root,D#,120,32,0.2666666666666666
clean,44,thinkpad,root,E,120,103,0.8583333333333333
clean,44,thinkpad,root,F,120,83,0.6916666666666667
clean,44,thinkpad,root,F#,120,118,0.9833333333333332
clean,44,thinkpad,root,G,120,119,0.9916666666666668
clean,44,thinkpad,root,G#,120,120,1.0
clean,44,vivo,quality,diminished,480,453,0.94375
clean,44,vivo,quality,major,480,480,1.0
clean,44,vivo,quality,minor,480,478,0.9958333333333332
clean,44,vivo,root,A,120,120,1.0
clean,44,vivo,root,A#,120,120,1.0
clean,44,vivo,root,B,120,120,1.0
clean,44,vivo,root,C,120,120,1.0
clean,44,vivo,root,C#,120,120,1.0
clean,44,vivo,root,D,120,120,1.0
clean,44,vivo,root,D#,120,118,0.9833333333333332
clean,44,vivo,root,E,120,118,0.9833333333333332
clean,44,vivo,root,F,120,120,1.0
clean,44,vivo,root,F#,120,120,1.0
clean,44,vivo,root,G,120,119,0.9916666666666668
clean,44,vivo,root,G#,120,120,1.0
clean,44,flow,quality,diminished,480,480,1.0
clean,44,flow,quality,major,480,474,0.9875
clean,44,flow,quality,minor,480,462,0.9625
clean,44,flow,root,A,120,119,0.9916666666666668
clean,44,flow,root,A#,120,120,1.0
clean,44,flow,root,B,120,118,0.9833333333333332
clean,44,flow,root,C,120,120,1.0
clean,44,flow,root,C#,120,120,1.0
clean,44,flow,root,D,120,118,0.9833333333333332
clean,44,flow,root,D#,120,107,0.8916666666666667
clean,44,flow,root,E,120,118,0.9833333333333332
clean,44,flow,root,F,120,120,1.0
clean,44,flow,root,F#,120,120,1.0
clean,44,flow,root,G,120,119,0.9916666666666668
clean,44,flow,root,G#,120,120,1.0
clean,44,thinkpad-2,quality,diminished,480,477,0.99375
clean,44,thinkpad-2,quality,major,480,214,0.4458333333333333
clean,44,thinkpad-2,quality,minor,480,190,0.3958333333333333
clean,44,thinkpad-2,root,A,120,13,0.1083333333333333
clean,44,thinkpad-2,root,A#,120,36,0.3
clean,44,thinkpad-2,root,B,120,0,0.0
clean,44,thinkpad-2,root,C,120,120,1.0
clean,44,thinkpad-2,root,C#,120,116,0.9666666666666668
clean,44,thinkpad-2,root,D,120,44,0.3666666666666666
clean,44,thinkpad-2,root,D#,120,83,0.6916666666666667
clean,44,thinkpad-2,root,E,120,110,0.9166666666666666
clean,44,thinkpad-2,root,F,120,73,0.6083333333333333
clean,44,thinkpad-2,root,F#,120,83,0.6916666666666667
clean,44,thinkpad-2,root,G,120,54,0.45
clean,44,thinkpad-2,root,G#,120,28,0.2333333333333333
clean,44,flow-2,quality,diminished,480,463,0.9645833333333332
clean,44,flow-2,quality,major,480,347,0.7229166666666667
clean,44,flow-2,quality,minor,480,356,0.7416666666666667
clean,44,flow-2,root,A,120,33,0.275
clean,44,flow-2,root,A#,120,52,0.4333333333333333
clean,44,flow-2,root,B,120,0,0.0
clean,44,flow-2,root,C,120,120,1.0
clean,44,flow-2,root,C#,120,120,1.0
clean,44,flow-2,root,D,120,119,0.9916666666666668
clean,44,flow-2,root,D#,120,118,0.9833333333333332
clean,44,flow-2,root,E,120,117,0.975
clean,44,flow-2,root,F,120,118,0.9833333333333332
clean,44,flow-2,root,F#,120,119,0.9916666666666668
clean,44,flow-2,root,G,120,91,0.7583333333333333
clean,44,flow-2,root,G#,120,105,0.875
clean,45,test,quality,diminished,239,239,1.0
clean,45,test,quality,major,239,239,1.0
clean,45,test,quality,minor,240,240,1.0
clean,45,test,root,A,60,60,1.0
clean,45,test,root,A#,59,59,1.0
clean,45,test,root,B,60,60,1.0
clean,45,test,root,C,59,59,1.0
clean,45,test,root,C#,60,60,1.0
clean,45,test,root,D,60,60,1.0
clean,45,test,root,D#,60,60,1.0
clean,45,test,root,E,60,60,1.0
clean,45,test,root,F,60,60,1.0
clean,45,test,root,F#,60,60,1.0
clean,45,test,root,G,60,60,1.0
clean,45,test,root,G#,60,60,1.0
clean,45,val,quality,diminished,239,239,1.0
clean,45,val,quality,major,239,239,1.0
clean,45,val,quality,minor,240,240,1.0
clean,45,val,root,A,60,60,1.0
clean,45,val,root,A#,59,59,1.0
clean,45,val,root,B,60,60,1.0
clean,45,val,root,C,59,59,1.0
clean,45,val,root,C#,60,60,1.0
clean,45,val,root,D,60,60,1.0
clean,45,val,root,D#,60,60,1.0
clean,45,val,root,E,60,60,1.0
clean,45,val,root,F,60,60,1.0
clean,45,val,root,F#,60,60,1.0
clean,45,val,root,G,60,60,1.0
clean,45,val,root,G#,60,60,1.0
clean,45,thinkpad,quality,diminished,480,480,1.0
clean,45,thinkpad,quality,major,480,302,0.6291666666666667
clean,45,thinkpad,quality,minor,480,252,0.525
clean,45,thinkpad,root,A,120,93,0.775
clean,45,thinkpad,root,A#,120,116,0.9666666666666668
clean,45,thinkpad,root,B,120,76,0.6333333333333333
clean,45,thinkpad,root,C,120,120,1.0
clean,45,thinkpad,root,C#,120,105,0.875
clean,45,thinkpad,root,D,120,35,0.2916666666666667
clean,45,thinkpad,root,D#,120,20,0.1666666666666666
clean,45,thinkpad,root,E,120,82,0.6833333333333333
clean,45,thinkpad,root,F,120,53,0.4416666666666666
clean,45,thinkpad,root,F#,120,82,0.6833333333333333
clean,45,thinkpad,root,G,120,120,1.0
clean,45,thinkpad,root,G#,120,120,1.0
clean,45,vivo,quality,diminished,480,442,0.9208333333333332
clean,45,vivo,quality,major,480,479,0.9979166666666668
clean,45,vivo,quality,minor,480,477,0.99375
clean,45,vivo,root,A,120,120,1.0
clean,45,vivo,root,A#,120,120,1.0
clean,45,vivo,root,B,120,120,1.0
clean,45,vivo,root,C,120,120,1.0
clean,45,vivo,root,C#,120,120,1.0
clean,45,vivo,root,D,120,119,0.9916666666666668
clean,45,vivo,root,D#,120,118,0.9833333333333332
clean,45,vivo,root,E,120,117,0.975
clean,45,vivo,root,F,120,120,1.0
clean,45,vivo,root,F#,120,120,1.0
clean,45,vivo,root,G,120,120,1.0
clean,45,vivo,root,G#,120,120,1.0
clean,45,flow,quality,diminished,480,480,1.0
clean,45,flow,quality,major,480,470,0.9791666666666666
clean,45,flow,quality,minor,480,460,0.9583333333333334
clean,45,flow,root,A,120,119,0.9916666666666668
clean,45,flow,root,A#,120,120,1.0
clean,45,flow,root,B,120,116,0.9666666666666668
clean,45,flow,root,C,120,120,1.0
clean,45,flow,root,C#,120,119,0.9916666666666668
clean,45,flow,root,D,120,117,0.975
clean,45,flow,root,D#,120,111,0.925
clean,45,flow,root,E,120,117,0.975
clean,45,flow,root,F,120,120,1.0
clean,45,flow,root,F#,120,120,1.0
clean,45,flow,root,G,120,118,0.9833333333333332
clean,45,flow,root,G#,120,118,0.9833333333333332
clean,45,thinkpad-2,quality,diminished,480,480,1.0
clean,45,thinkpad-2,quality,major,480,140,0.2916666666666667
clean,45,thinkpad-2,quality,minor,480,166,0.3458333333333333
clean,45,thinkpad-2,root,A,120,0,0.0
clean,45,thinkpad-2,root,A#,120,18,0.15
clean,45,thinkpad-2,root,B,120,0,0.0
clean,45,thinkpad-2,root,C,120,120,1.0
clean,45,thinkpad-2,root,C#,120,112,0.9333333333333332
clean,45,thinkpad-2,root,D,120,31,0.2583333333333333
clean,45,thinkpad-2,root,D#,120,80,0.6666666666666666
clean,45,thinkpad-2,root,E,120,97,0.8083333333333333
clean,45,thinkpad-2,root,F,120,46,0.3833333333333333
clean,45,thinkpad-2,root,F#,120,39,0.325
clean,45,thinkpad-2,root,G,120,75,0.625
clean,45,thinkpad-2,root,G#,120,18,0.15
clean,45,flow-2,quality,diminished,480,480,1.0
clean,45,flow-2,quality,major,480,293,0.6104166666666667
clean,45,flow-2,quality,minor,480,313,0.6520833333333333
clean,45,flow-2,root,A,120,3,0.025
clean,45,flow-2,root,A#,120,46,0.3833333333333333
clean,45,flow-2,root,B,120,0,0.0
clean,45,flow-2,root,C,120,120,1.0
clean,45,flow-2,root,C#,120,117,0.975
clean,45,flow-2,root,D,120,114,0.95
clean,45,flow-2,root,D#,120,114,0.95
clean,45,flow-2,root,E,120,113,0.9416666666666668
clean,45,flow-2,root,F,120,114,0.95
clean,45,flow-2,root,F#,120,80,0.6666666666666666
clean,45,flow-2,root,G,120,91,0.7583333333333333
clean,45,flow-2,root,G#,120,60,0.5
clean,46,test,quality,diminished,239,239,1.0
clean,46,test,quality,major,239,239,1.0
clean,46,test,quality,minor,240,240,1.0
clean,46,test,root,A,60,60,1.0
clean,46,test,root,A#,59,59,1.0
clean,46,test,root,B,60,60,1.0
clean,46,test,root,C,59,59,1.0
clean,46,test,root,C#,60,60,1.0
clean,46,test,root,D,60,60,1.0
clean,46,test,root,D#,60,60,1.0
clean,46,test,root,E,60,60,1.0
clean,46,test,root,F,60,60,1.0
clean,46,test,root,F#,60,60,1.0
clean,46,test,root,G,60,60,1.0
clean,46,test,root,G#,60,60,1.0
clean,46,val,quality,diminished,239,239,1.0
clean,46,val,quality,major,239,239,1.0
clean,46,val,quality,minor,240,240,1.0
clean,46,val,root,A,60,60,1.0
clean,46,val,root,A#,59,59,1.0
clean,46,val,root,B,60,60,1.0
clean,46,val,root,C,59,59,1.0
clean,46,val,root,C#,60,60,1.0
clean,46,val,root,D,60,60,1.0
clean,46,val,root,D#,60,60,1.0
clean,46,val,root,E,60,60,1.0
clean,46,val,root,F,60,60,1.0
clean,46,val,root,F#,60,60,1.0
clean,46,val,root,G,60,60,1.0
clean,46,val,root,G#,60,60,1.0
clean,46,thinkpad,quality,diminished,480,478,0.9958333333333332
clean,46,thinkpad,quality,major,480,305,0.6354166666666666
clean,46,thinkpad,quality,minor,480,278,0.5791666666666667
clean,46,thinkpad,root,A,120,97,0.8083333333333333
clean,46,thinkpad,root,A#,120,120,1.0
clean,46,thinkpad,root,B,120,79,0.6583333333333333
clean,46,thinkpad,root,C,120,120,1.0
clean,46,thinkpad,root,C#,120,108,0.9
clean,46,thinkpad,root,D,120,28,0.2333333333333333
clean,46,thinkpad,root,D#,120,21,0.175
clean,46,thinkpad,root,E,120,87,0.725
clean,46,thinkpad,root,F,120,53,0.4416666666666666
clean,46,thinkpad,root,F#,120,81,0.675
clean,46,thinkpad,root,G,120,120,1.0
clean,46,thinkpad,root,G#,120,120,1.0
clean,46,vivo,quality,diminished,480,447,0.93125
clean,46,vivo,quality,major,480,480,1.0
clean,46,vivo,quality,minor,480,478,0.9958333333333332
clean,46,vivo,root,A,120,120,1.0
clean,46,vivo,root,A#,120,120,1.0
clean,46,vivo,root,B,120,120,1.0
clean,46,vivo,root,C,120,120,1.0
clean,46,vivo,root,C#,120,120,1.0
clean,46,vivo,root,D,120,120,1.0
clean,46,vivo,root,D#,120,118,0.9833333333333332
clean,46,vivo,root,E,120,115,0.9583333333333334
clean,46,vivo,root,F,120,120,1.0
clean,46,vivo,root,F#,120,120,1.0
clean,46,vivo,root,G,120,120,1.0
clean,46,vivo,root,G#,120,120,1.0
clean,46,flow,quality,diminished,480,480,1.0
clean,46,flow,quality,major,480,471,0.98125
clean,46,flow,quality,minor,480,461,0.9604166666666668
clean,46,flow,root,A,120,119,0.9916666666666668
clean,46,flow,root,A#,120,120,1.0
clean,46,flow,root,B,120,118,0.9833333333333332
clean,46,flow,root,C,120,120,1.0
clean,46,flow,root,C#,120,120,1.0
clean,46,flow,root,D,120,118,0.9833333333333332
clean,46,flow,root,D#,120,109,0.9083333333333332
clean,46,flow,root,E,120,117,0.975
clean,46,flow,root,F,120,120,1.0
clean,46,flow,root,F#,120,120,1.0
clean,46,flow,root,G,120,119,0.9916666666666668
clean,46,flow,root,G#,120,118,0.9833333333333332
clean,46,thinkpad-2,quality,diminished,480,480,1.0
clean,46,thinkpad-2,quality,major,480,142,0.2958333333333333
clean,46,thinkpad-2,quality,minor,480,150,0.3125
clean,46,thinkpad-2,root,A,120,0,0.0
clean,46,thinkpad-2,root,A#,120,31,0.2583333333333333
clean,46,thinkpad-2,root,B,120,0,0.0
clean,46,thinkpad-2,root,C,120,120,1.0
clean,46,thinkpad-2,root,C#,120,97,0.8083333333333333
clean,46,thinkpad-2,root,D,120,23,0.1916666666666666
clean,46,thinkpad-2,root,D#,120,80,0.6666666666666666
clean,46,thinkpad-2,root,E,120,98,0.8166666666666667
clean,46,thinkpad-2,root,F,120,49,0.4083333333333333
clean,46,thinkpad-2,root,F#,120,41,0.3416666666666667
clean,46,thinkpad-2,root,G,120,35,0.2916666666666667
clean,46,thinkpad-2,root,G#,120,0,0.0
clean,46,flow-2,quality,diminished,480,480,1.0
clean,46,flow-2,quality,major,480,305,0.6354166666666666
clean,46,flow-2,quality,minor,480,323,0.6729166666666667
clean,46,flow-2,root,A,120,18,0.15
clean,46,flow-2,root,A#,120,55,0.4583333333333333
clean,46,flow-2,root,B,120,0,0.0
clean,46,flow-2,root,C,120,120,1.0
clean,46,flow-2,root,C#,120,116,0.9666666666666668
clean,46,flow-2,root,D,120,113,0.9416666666666668
clean,46,flow-2,root,D#,120,113,0.9416666666666668
clean,46,flow-2,root,E,120,114,0.95
clean,46,flow-2,root,F,120,113,0.9416666666666668
clean,46,flow-2,root,F#,120,84,0.7
clean,46,flow-2,root,G,120,85,0.7083333333333334
clean,46,flow-2,root,G#,120,44,0.3666666666666666
clean-fixed,42,test,quality,diminished,239,239,1.0
clean-fixed,42,test,quality,major,239,239,1.0
clean-fixed,42,test,quality,minor,240,240,1.0
clean-fixed,42,test,root,A,60,60,1.0
clean-fixed,42,test,root,A#,59,59,1.0
clean-fixed,42,test,root,B,60,60,1.0
clean-fixed,42,test,root,C,59,59,1.0
clean-fixed,42,test,root,C#,60,60,1.0
clean-fixed,42,test,root,D,60,60,1.0
clean-fixed,42,test,root,D#,60,60,1.0
clean-fixed,42,test,root,E,60,60,1.0
clean-fixed,42,test,root,F,60,60,1.0
clean-fixed,42,test,root,F#,60,60,1.0
clean-fixed,42,test,root,G,60,60,1.0
clean-fixed,42,test,root,G#,60,60,1.0
clean-fixed,42,val,quality,diminished,238,238,1.0
clean-fixed,42,val,quality,major,240,240,1.0
clean-fixed,42,val,quality,minor,240,240,1.0
clean-fixed,42,val,root,A,60,60,1.0
clean-fixed,42,val,root,A#,60,60,1.0
clean-fixed,42,val,root,B,60,60,1.0
clean-fixed,42,val,root,C,58,58,1.0
clean-fixed,42,val,root,C#,60,60,1.0
clean-fixed,42,val,root,D,60,60,1.0
clean-fixed,42,val,root,D#,60,60,1.0
clean-fixed,42,val,root,E,60,60,1.0
clean-fixed,42,val,root,F,60,60,1.0
clean-fixed,42,val,root,F#,60,60,1.0
clean-fixed,42,val,root,G,60,60,1.0
clean-fixed,42,val,root,G#,60,60,1.0
clean-fixed,42,thinkpad,quality,diminished,480,473,0.9854166666666668
clean-fixed,42,thinkpad,quality,major,480,370,0.7708333333333334
clean-fixed,42,thinkpad,quality,minor,480,301,0.6270833333333333
clean-fixed,42,thinkpad,root,A,120,108,0.9
clean-fixed,42,thinkpad,root,A#,120,97,0.8083333333333333
clean-fixed,42,thinkpad,root,B,120,74,0.6166666666666667
clean-fixed,42,thinkpad,root,C,120,120,1.0
clean-fixed,42,thinkpad,root,C#,120,113,0.9416666666666668
clean-fixed,42,thinkpad,root,D,120,48,0.4
clean-fixed,42,thinkpad,root,D#,120,45,0.375
clean-fixed,42,thinkpad,root,E,120,97,0.8083333333333333
clean-fixed,42,thinkpad,root,F,120,79,0.6583333333333333
clean-fixed,42,thinkpad,root,F#,120,119,0.9916666666666668
clean-fixed,42,thinkpad,root,G,120,119,0.9916666666666668
clean-fixed,42,thinkpad,root,G#,120,120,1.0
clean-fixed,42,vivo,quality,diminished,480,434,0.9041666666666668
clean-fixed,42,vivo,quality,major,480,479,0.9979166666666668
clean-fixed,42,vivo,quality,minor,480,478,0.9958333333333332
clean-fixed,42,vivo,root,A,120,120,1.0
clean-fixed,42,vivo,root,A#,120,120,1.0
clean-fixed,42,vivo,root,B,120,120,1.0
clean-fixed,42,vivo,root,C,120,120,1.0
clean-fixed,42,vivo,root,C#,120,120,1.0
clean-fixed,42,vivo,root,D,120,119,0.9916666666666668
clean-fixed,42,vivo,root,D#,120,118,0.9833333333333332
clean-fixed,42,vivo,root,E,120,120,1.0
clean-fixed,42,vivo,root,F,120,120,1.0
clean-fixed,42,vivo,root,F#,120,120,1.0
clean-fixed,42,vivo,root,G,120,119,0.9916666666666668
clean-fixed,42,vivo,root,G#,120,120,1.0
clean-fixed,42,flow,quality,diminished,480,480,1.0
clean-fixed,42,flow,quality,major,480,474,0.9875
clean-fixed,42,flow,quality,minor,480,454,0.9458333333333332
clean-fixed,42,flow,root,A,120,119,0.9916666666666668
clean-fixed,42,flow,root,A#,120,120,1.0
clean-fixed,42,flow,root,B,120,118,0.9833333333333332
clean-fixed,42,flow,root,C,120,120,1.0
clean-fixed,42,flow,root,C#,120,120,1.0
clean-fixed,42,flow,root,D,120,119,0.9916666666666668
clean-fixed,42,flow,root,D#,120,100,0.8333333333333334
clean-fixed,42,flow,root,E,120,118,0.9833333333333332
clean-fixed,42,flow,root,F,120,120,1.0
clean-fixed,42,flow,root,F#,120,120,1.0
clean-fixed,42,flow,root,G,120,118,0.9833333333333332
clean-fixed,42,flow,root,G#,120,119,0.9916666666666668
clean-fixed,42,thinkpad-2,quality,diminished,480,453,0.94375
clean-fixed,42,thinkpad-2,quality,major,480,201,0.41875
clean-fixed,42,thinkpad-2,quality,minor,480,198,0.4125
clean-fixed,42,thinkpad-2,root,A,120,14,0.1166666666666666
clean-fixed,42,thinkpad-2,root,A#,120,11,0.0916666666666666
clean-fixed,42,thinkpad-2,root,B,120,0,0.0
clean-fixed,42,thinkpad-2,root,C,120,120,1.0
clean-fixed,42,thinkpad-2,root,C#,120,115,0.9583333333333334
clean-fixed,42,thinkpad-2,root,D,120,41,0.3416666666666667
clean-fixed,42,thinkpad-2,root,D#,120,85,0.7083333333333334
clean-fixed,42,thinkpad-2,root,E,120,108,0.9
clean-fixed,42,thinkpad-2,root,F,120,62,0.5166666666666667
clean-fixed,42,thinkpad-2,root,F#,120,86,0.7166666666666667
clean-fixed,42,thinkpad-2,root,G,120,82,0.6833333333333333
clean-fixed,42,thinkpad-2,root,G#,120,21,0.175
clean-fixed,42,flow-2,quality,diminished,480,465,0.96875
clean-fixed,42,flow-2,quality,major,480,332,0.6916666666666667
clean-fixed,42,flow-2,quality,minor,480,355,0.7395833333333334
clean-fixed,42,flow-2,root,A,120,33,0.275
clean-fixed,42,flow-2,root,A#,120,45,0.375
clean-fixed,42,flow-2,root,B,120,10,0.0833333333333333
clean-fixed,42,flow-2,root,C,120,120,1.0
clean-fixed,42,flow-2,root,C#,120,119,0.9916666666666668
clean-fixed,42,flow-2,root,D,120,119,0.9916666666666668
clean-fixed,42,flow-2,root,D#,120,118,0.9833333333333332
clean-fixed,42,flow-2,root,E,120,116,0.9666666666666668
clean-fixed,42,flow-2,root,F,120,118,0.9833333333333332
clean-fixed,42,flow-2,root,F#,120,119,0.9916666666666668
clean-fixed,42,flow-2,root,G,120,95,0.7916666666666666
clean-fixed,42,flow-2,root,G#,120,78,0.65
clean-fixed,43,test,quality,diminished,240,240,1.0
clean-fixed,43,test,quality,major,237,237,1.0
clean-fixed,43,test,quality,minor,240,240,1.0
clean-fixed,43,test,root,A,60,60,1.0
clean-fixed,43,test,root,A#,57,57,1.0
clean-fixed,43,test,root,B,60,60,1.0
clean-fixed,43,test,root,C,60,60,1.0
clean-fixed,43,test,root,C#,60,60,1.0
clean-fixed,43,test,root,D,60,60,1.0
clean-fixed,43,test,root,D#,60,60,1.0
clean-fixed,43,test,root,E,60,60,1.0
clean-fixed,43,test,root,F,60,60,1.0
clean-fixed,43,test,root,F#,60,60,1.0
clean-fixed,43,test,root,G,60,60,1.0
clean-fixed,43,test,root,G#,60,60,1.0
clean-fixed,43,val,quality,diminished,240,240,1.0
clean-fixed,43,val,quality,major,239,239,1.0
clean-fixed,43,val,quality,minor,240,240,1.0
clean-fixed,43,val,root,A,60,60,1.0
clean-fixed,43,val,root,A#,59,59,1.0
clean-fixed,43,val,root,B,60,60,1.0
clean-fixed,43,val,root,C,60,60,1.0
clean-fixed,43,val,root,C#,60,60,1.0
clean-fixed,43,val,root,D,60,60,1.0
clean-fixed,43,val,root,D#,60,60,1.0
clean-fixed,43,val,root,E,60,60,1.0
clean-fixed,43,val,root,F,60,60,1.0
clean-fixed,43,val,root,F#,60,60,1.0
clean-fixed,43,val,root,G,60,60,1.0
clean-fixed,43,val,root,G#,60,60,1.0
clean-fixed,43,thinkpad,quality,diminished,480,478,0.9958333333333332
clean-fixed,43,thinkpad,quality,major,480,358,0.7458333333333333
clean-fixed,43,thinkpad,quality,minor,480,330,0.6875
clean-fixed,43,thinkpad,root,A,120,101,0.8416666666666667
clean-fixed,43,thinkpad,root,A#,120,119,0.9916666666666668
clean-fixed,43,thinkpad,root,B,120,92,0.7666666666666667
clean-fixed,43,thinkpad,root,C,120,120,1.0
clean-fixed,43,thinkpad,root,C#,120,115,0.9583333333333334
clean-fixed,43,thinkpad,root,D,120,40,0.3333333333333333
clean-fixed,43,thinkpad,root,D#,120,37,0.3083333333333333
clean-fixed,43,thinkpad,root,E,120,109,0.9083333333333332
clean-fixed,43,thinkpad,root,F,120,80,0.6666666666666666
clean-fixed,43,thinkpad,root,F#,120,118,0.9833333333333332
clean-fixed,43,thinkpad,root,G,120,120,1.0
clean-fixed,43,thinkpad,root,G#,120,120,1.0
clean-fixed,43,vivo,quality,diminished,480,435,0.90625
clean-fixed,43,vivo,quality,major,480,478,0.9958333333333332
clean-fixed,43,vivo,quality,minor,480,478,0.9958333333333332
clean-fixed,43,vivo,root,A,120,120,1.0
clean-fixed,43,vivo,root,A#,120,120,1.0
clean-fixed,43,vivo,root,B,120,120,1.0
clean-fixed,43,vivo,root,C,120,120,1.0
clean-fixed,43,vivo,root,C#,120,120,1.0
clean-fixed,43,vivo,root,D,120,118,0.9833333333333332
clean-fixed,43,vivo,root,D#,120,118,0.9833333333333332
clean-fixed,43,vivo,root,E,120,118,0.9833333333333332
clean-fixed,43,vivo,root,F,120,120,1.0
clean-fixed,43,vivo,root,F#,120,120,1.0
clean-fixed,43,vivo,root,G,120,120,1.0
clean-fixed,43,vivo,root,G#,120,120,1.0
clean-fixed,43,flow,quality,diminished,480,480,1.0
clean-fixed,43,flow,quality,major,480,476,0.9916666666666668
clean-fixed,43,flow,quality,minor,480,469,0.9770833333333332
clean-fixed,43,flow,root,A,120,120,1.0
clean-fixed,43,flow,root,A#,120,120,1.0
clean-fixed,43,flow,root,B,120,119,0.9916666666666668
clean-fixed,43,flow,root,C,120,120,1.0
clean-fixed,43,flow,root,C#,120,120,1.0
clean-fixed,43,flow,root,D,120,119,0.9916666666666668
clean-fixed,43,flow,root,D#,120,113,0.9416666666666668
clean-fixed,43,flow,root,E,120,118,0.9833333333333332
clean-fixed,43,flow,root,F,120,120,1.0
clean-fixed,43,flow,root,F#,120,120,1.0
clean-fixed,43,flow,root,G,120,119,0.9916666666666668
clean-fixed,43,flow,root,G#,120,120,1.0
clean-fixed,43,thinkpad-2,quality,diminished,480,480,1.0
clean-fixed,43,thinkpad-2,quality,major,480,189,0.39375
clean-fixed,43,thinkpad-2,quality,minor,480,195,0.40625
clean-fixed,43,thinkpad-2,root,A,120,0,0.0
clean-fixed,43,thinkpad-2,root,A#,120,35,0.2916666666666667
clean-fixed,43,thinkpad-2,root,B,120,0,0.0
clean-fixed,43,thinkpad-2,root,C,120,120,1.0
clean-fixed,43,thinkpad-2,root,C#,120,120,1.0
clean-fixed,43,thinkpad-2,root,D,120,37,0.3083333333333333
clean-fixed,43,thinkpad-2,root,D#,120,93,0.775
clean-fixed,43,thinkpad-2,root,E,120,114,0.95
clean-fixed,43,thinkpad-2,root,F,120,69,0.575
clean-fixed,43,thinkpad-2,root,F#,120,64,0.5333333333333333
clean-fixed,43,thinkpad-2,root,G,120,61,0.5083333333333333
clean-fixed,43,thinkpad-2,root,G#,120,42,0.35
clean-fixed,43,flow-2,quality,diminished,480,473,0.9854166666666668
clean-fixed,43,flow-2,quality,major,480,359,0.7479166666666667
clean-fixed,43,flow-2,quality,minor,480,346,0.7208333333333333
clean-fixed,43,flow-2,root,A,120,16,0.1333333333333333
clean-fixed,43,flow-2,root,A#,120,61,0.5083333333333333
clean-fixed,43,flow-2,root,B,120,17,0.1416666666666666
clean-fixed,43,flow-2,root,C,120,120,1.0
clean-fixed,43,flow-2,root,C#,120,120,1.0
clean-fixed,43,flow-2,root,D,120,119,0.9916666666666668
clean-fixed,43,flow-2,root,D#,120,119,0.9916666666666668
clean-fixed,43,flow-2,root,E,120,118,0.9833333333333332
clean-fixed,43,flow-2,root,F,120,118,0.9833333333333332
clean-fixed,43,flow-2,root,F#,120,118,0.9833333333333332
clean-fixed,43,flow-2,root,G,120,95,0.7916666666666666
clean-fixed,43,flow-2,root,G#,120,107,0.8916666666666667
clean-fixed,44,test,quality,diminished,240,240,1.0
clean-fixed,44,test,quality,major,239,239,1.0
clean-fixed,44,test,quality,minor,240,240,1.0
clean-fixed,44,test,root,A,60,60,1.0
clean-fixed,44,test,root,A#,59,59,1.0
clean-fixed,44,test,root,B,60,60,1.0
clean-fixed,44,test,root,C,60,60,1.0
clean-fixed,44,test,root,C#,60,60,1.0
clean-fixed,44,test,root,D,60,60,1.0
clean-fixed,44,test,root,D#,60,60,1.0
clean-fixed,44,test,root,E,60,60,1.0
clean-fixed,44,test,root,F,60,60,1.0
clean-fixed,44,test,root,F#,60,60,1.0
clean-fixed,44,test,root,G,60,60,1.0
clean-fixed,44,test,root,G#,60,60,1.0
clean-fixed,44,val,quality,diminished,240,240,1.0
clean-fixed,44,val,quality,major,237,237,1.0
clean-fixed,44,val,quality,minor,240,240,1.0
clean-fixed,44,val,root,A,60,60,1.0
clean-fixed,44,val,root,A#,57,57,1.0
clean-fixed,44,val,root,B,60,60,1.0
clean-fixed,44,val,root,C,60,60,1.0
clean-fixed,44,val,root,C#,60,60,1.0
clean-fixed,44,val,root,D,60,60,1.0
clean-fixed,44,val,root,D#,60,60,1.0
clean-fixed,44,val,root,E,60,60,1.0
clean-fixed,44,val,root,F,60,60,1.0
clean-fixed,44,val,root,F#,60,60,1.0
clean-fixed,44,val,root,G,60,60,1.0
clean-fixed,44,val,root,G#,60,60,1.0
clean-fixed,44,thinkpad,quality,diminished,480,479,0.9979166666666668
clean-fixed,44,thinkpad,quality,major,480,303,0.63125
clean-fixed,44,thinkpad,quality,minor,480,244,0.5083333333333333
clean-fixed,44,thinkpad,root,A,120,98,0.8166666666666667
clean-fixed,44,thinkpad,root,A#,120,79,0.6583333333333333
clean-fixed,44,thinkpad,root,B,120,74,0.6166666666666667
clean-fixed,44,thinkpad,root,C,120,120,1.0
clean-fixed,44,thinkpad,root,C#,120,108,0.9
clean-fixed,44,thinkpad,root,D,120,36,0.3
clean-fixed,44,thinkpad,root,D#,120,20,0.1666666666666666
clean-fixed,44,thinkpad,root,E,120,87,0.725
clean-fixed,44,thinkpad,root,F,120,43,0.3583333333333333
clean-fixed,44,thinkpad,root,F#,120,110,0.9166666666666666
clean-fixed,44,thinkpad,root,G,120,119,0.9916666666666668
clean-fixed,44,thinkpad,root,G#,120,120,1.0
clean-fixed,44,vivo,quality,diminished,480,432,0.9
clean-fixed,44,vivo,quality,major,480,477,0.99375
clean-fixed,44,vivo,quality,minor,480,478,0.9958333333333332
clean-fixed,44,vivo,root,A,120,120,1.0
clean-fixed,44,vivo,root,A#,120,120,1.0
clean-fixed,44,vivo,root,B,120,120,1.0
clean-fixed,44,vivo,root,C,120,120,1.0
clean-fixed,44,vivo,root,C#,120,120,1.0
clean-fixed,44,vivo,root,D,120,119,0.9916666666666668
clean-fixed,44,vivo,root,D#,120,118,0.9833333333333332
clean-fixed,44,vivo,root,E,120,119,0.9916666666666668
clean-fixed,44,vivo,root,F,120,118,0.9833333333333332
clean-fixed,44,vivo,root,F#,120,120,1.0
clean-fixed,44,vivo,root,G,120,119,0.9916666666666668
clean-fixed,44,vivo,root,G#,120,120,1.0
clean-fixed,44,flow,quality,diminished,480,480,1.0
clean-fixed,44,flow,quality,major,480,472,0.9833333333333332
clean-fixed,44,flow,quality,minor,480,450,0.9375
clean-fixed,44,flow,root,A,120,119,0.9916666666666668
clean-fixed,44,flow,root,A#,120,120,1.0
clean-fixed,44,flow,root,B,120,112,0.9333333333333332
clean-fixed,44,flow,root,C,120,120,1.0
clean-fixed,44,flow,root,C#,120,120,1.0
clean-fixed,44,flow,root,D,120,118,0.9833333333333332
clean-fixed,44,flow,root,D#,120,105,0.875
clean-fixed,44,flow,root,E,120,117,0.975
clean-fixed,44,flow,root,F,120,120,1.0
clean-fixed,44,flow,root,F#,120,120,1.0
clean-fixed,44,flow,root,G,120,117,0.975
clean-fixed,44,flow,root,G#,120,118,0.9833333333333332
clean-fixed,44,thinkpad-2,quality,diminished,480,478,0.9958333333333332
clean-fixed,44,thinkpad-2,quality,major,480,147,0.30625
clean-fixed,44,thinkpad-2,quality,minor,480,162,0.3375
clean-fixed,44,thinkpad-2,root,A,120,0,0.0
clean-fixed,44,thinkpad-2,root,A#,120,28,0.2333333333333333
clean-fixed,44,thinkpad-2,root,B,120,0,0.0
clean-fixed,44,thinkpad-2,root,C,120,120,1.0
clean-fixed,44,thinkpad-2,root,C#,120,112,0.9333333333333332
clean-fixed,44,thinkpad-2,root,D,120,32,0.2666666666666666
clean-fixed,44,thinkpad-2,root,D#,120,79,0.6583333333333333
clean-fixed,44,thinkpad-2,root,E,120,97,0.8083333333333333
clean-fixed,44,thinkpad-2,root,F,120,39,0.325
clean-fixed,44,thinkpad-2,root,F#,120,57,0.475
clean-fixed,44,thinkpad-2,root,G,120,76,0.6333333333333333
clean-fixed,44,thinkpad-2,root,G#,120,21,0.175
clean-fixed,44,flow-2,quality,diminished,480,477,0.99375
clean-fixed,44,flow-2,quality,major,480,286,0.5958333333333333
clean-fixed,44,flow-2,quality,minor,480,332,0.6916666666666667
clean-fixed,44,flow-2,root,A,120,24,0.2
clean-fixed,44,flow-2,root,A#,120,38,0.3166666666666666
clean-fixed,44,flow-2,root,B,120,1,0.0083333333333333
clean-fixed,44,flow-2,root,C,120,120,1.0
clean-fixed,44,flow-2,root,C#,120,117,0.975
clean-fixed,44,flow-2,root,D,120,117,0.975
clean-fixed,44,flow-2,root,D#,120,115,0.9583333333333334
clean-fixed,44,flow-2,root,E,120,114,0.95
clean-fixed,44,flow-2,root,F,120,108,0.9
clean-fixed,44,flow-2,root,F#,120,110,0.9166666666666666
clean-fixed,44,flow-2,root,G,120,91,0.7583333333333333
clean-fixed,44,flow-2,root,G#,120,55,0.4583333333333333
clean-fixed,45,test,quality,diminished,239,239,1.0
clean-fixed,45,test,quality,major,240,240,1.0
clean-fixed,45,test,quality,minor,240,240,1.0
clean-fixed,45,test,root,A,60,60,1.0
clean-fixed,45,test,root,A#,60,60,1.0
clean-fixed,45,test,root,B,60,60,1.0
clean-fixed,45,test,root,C,59,59,1.0
clean-fixed,45,test,root,C#,60,60,1.0
clean-fixed,45,test,root,D,60,60,1.0
clean-fixed,45,test,root,D#,60,60,1.0
clean-fixed,45,test,root,E,60,60,1.0
clean-fixed,45,test,root,F,60,60,1.0
clean-fixed,45,test,root,F#,60,60,1.0
clean-fixed,45,test,root,G,60,60,1.0
clean-fixed,45,test,root,G#,60,60,1.0
clean-fixed,45,val,quality,diminished,236,236,1.0
clean-fixed,45,val,quality,major,236,236,1.0
clean-fixed,45,val,quality,minor,240,240,1.0
clean-fixed,45,val,root,A,60,60,1.0
clean-fixed,45,val,root,A#,56,56,1.0
clean-fixed,45,val,root,B,60,60,1.0
clean-fixed,45,val,root,C,56,56,1.0
clean-fixed,45,val,root,C#,60,60,1.0
clean-fixed,45,val,root,D,60,60,1.0
clean-fixed,45,val,root,D#,60,60,1.0
clean-fixed,45,val,root,E,60,60,1.0
clean-fixed,45,val,root,F,60,60,1.0
clean-fixed,45,val,root,F#,60,60,1.0
clean-fixed,45,val,root,G,60,60,1.0
clean-fixed,45,val,root,G#,60,60,1.0
clean-fixed,45,thinkpad,quality,diminished,480,463,0.9645833333333332
clean-fixed,45,thinkpad,quality,major,480,297,0.61875
clean-fixed,45,thinkpad,quality,minor,480,263,0.5479166666666667
clean-fixed,45,thinkpad,root,A,120,97,0.8083333333333333
clean-fixed,45,thinkpad,root,A#,120,97,0.8083333333333333
clean-fixed,45,thinkpad,root,B,120,62,0.5166666666666667
clean-fixed,45,thinkpad,root,C,120,120,1.0
clean-fixed,45,thinkpad,root,C#,120,105,0.875
clean-fixed,45,thinkpad,root,D,120,35,0.2916666666666667
clean-fixed,45,thinkpad,root,D#,120,20,0.1666666666666666
clean-fixed,45,thinkpad,root,E,120,83,0.6916666666666667
clean-fixed,45,thinkpad,root,F,120,48,0.4
clean-fixed,45,thinkpad,root,F#,120,83,0.6916666666666667
clean-fixed,45,thinkpad,root,G,120,118,0.9833333333333332
clean-fixed,45,thinkpad,root,G#,120,120,1.0
clean-fixed,45,vivo,quality,diminished,480,437,0.9104166666666668
clean-fixed,45,vivo,quality,major,480,476,0.9916666666666668
clean-fixed,45,vivo,quality,minor,480,478,0.9958333333333332
clean-fixed,45,vivo,root,A,120,120,1.0
clean-fixed,45,vivo,root,A#,120,120,1.0
clean-fixed,45,vivo,root,B,120,120,1.0
clean-fixed,45,vivo,root,C,120,120,1.0
clean-fixed,45,vivo,root,C#,120,120,1.0
clean-fixed,45,vivo,root,D,120,117,0.975
clean-fixed,45,vivo,root,D#,120,118,0.9833333333333332
clean-fixed,45,vivo,root,E,120,119,0.9916666666666668
clean-fixed,45,vivo,root,F,120,119,0.9916666666666668
clean-fixed,45,vivo,root,F#,120,120,1.0
clean-fixed,45,vivo,root,G,120,119,0.9916666666666668
clean-fixed,45,vivo,root,G#,120,120,1.0
clean-fixed,45,flow,quality,diminished,480,480,1.0
clean-fixed,45,flow,quality,major,480,468,0.975
clean-fixed,45,flow,quality,minor,480,452,0.9416666666666668
clean-fixed,45,flow,root,A,120,119,0.9916666666666668
clean-fixed,45,flow,root,A#,120,120,1.0
clean-fixed,45,flow,root,B,120,112,0.9333333333333332
clean-fixed,45,flow,root,C,120,120,1.0
clean-fixed,45,flow,root,C#,120,119,0.9916666666666668
clean-fixed,45,flow,root,D,120,116,0.9666666666666668
clean-fixed,45,flow,root,D#,120,106,0.8833333333333333
clean-fixed,45,flow,root,E,120,117,0.975
clean-fixed,45,flow,root,F,120,120,1.0
clean-fixed,45,flow,root,F#,120,120,1.0
clean-fixed,45,flow,root,G,120,119,0.9916666666666668
clean-fixed,45,flow,root,G#,120,118,0.9833333333333332
clean-fixed,45,thinkpad-2,quality,diminished,480,479,0.9979166666666668
clean-fixed,45,thinkpad-2,quality,major,480,133,0.2770833333333333
clean-fixed,45,thinkpad-2,quality,minor,480,169,0.3520833333333333
clean-fixed,45,thinkpad-2,root,A,120,0,0.0
clean-fixed,45,thinkpad-2,root,A#,120,31,0.2583333333333333
clean-fixed,45,thinkpad-2,root,B,120,0,0.0
clean-fixed,45,thinkpad-2,root,C,120,120,1.0
clean-fixed,45,thinkpad-2,root,C#,120,112,0.9333333333333332
clean-fixed,45,thinkpad-2,root,D,120,32,0.2666666666666666
clean-fixed,45,thinkpad-2,root,D#,120,80,0.6666666666666666
clean-fixed,45,thinkpad-2,root,E,120,99,0.825
clean-fixed,45,thinkpad-2,root,F,120,50,0.4166666666666667
clean-fixed,45,thinkpad-2,root,F#,120,54,0.45
clean-fixed,45,thinkpad-2,root,G,120,33,0.275
clean-fixed,45,thinkpad-2,root,G#,120,21,0.175
clean-fixed,45,flow-2,quality,diminished,480,476,0.9916666666666668
clean-fixed,45,flow-2,quality,major,480,293,0.6104166666666667
clean-fixed,45,flow-2,quality,minor,480,335,0.6979166666666666
clean-fixed,45,flow-2,root,A,120,22,0.1833333333333333
clean-fixed,45,flow-2,root,A#,120,39,0.325
clean-fixed,45,flow-2,root,B,120,0,0.0
clean-fixed,45,flow-2,root,C,120,120,1.0
clean-fixed,45,flow-2,root,C#,120,117,0.975
clean-fixed,45,flow-2,root,D,120,115,0.9583333333333334
clean-fixed,45,flow-2,root,D#,120,114,0.95
clean-fixed,45,flow-2,root,E,120,113,0.9416666666666668
clean-fixed,45,flow-2,root,F,120,109,0.9083333333333332
clean-fixed,45,flow-2,root,F#,120,82,0.6833333333333333
clean-fixed,45,flow-2,root,G,120,83,0.6916666666666667
clean-fixed,45,flow-2,root,G#,120,58,0.4833333333333333
clean-fixed,46,test,quality,diminished,237,237,1.0
clean-fixed,46,test,quality,major,239,239,1.0
clean-fixed,46,test,quality,minor,240,240,1.0
clean-fixed,46,test,root,A,60,60,1.0
clean-fixed,46,test,root,A#,59,59,1.0
clean-fixed,46,test,root,B,60,60,1.0
clean-fixed,46,test,root,C,57,57,1.0
clean-fixed,46,test,root,C#,60,60,1.0
clean-fixed,46,test,root,D,60,60,1.0
clean-fixed,46,test,root,D#,60,60,1.0
clean-fixed,46,test,root,E,60,60,1.0
clean-fixed,46,test,root,F,60,60,1.0
clean-fixed,46,test,root,F#,60,60,1.0
clean-fixed,46,test,root,G,60,60,1.0
clean-fixed,46,test,root,G#,60,60,1.0
clean-fixed,46,val,quality,diminished,238,238,1.0
clean-fixed,46,val,quality,major,239,239,1.0
clean-fixed,46,val,quality,minor,240,240,1.0
clean-fixed,46,val,root,A,60,60,1.0
clean-fixed,46,val,root,A#,59,59,1.0
clean-fixed,46,val,root,B,60,60,1.0
clean-fixed,46,val,root,C,58,58,1.0
clean-fixed,46,val,root,C#,60,60,1.0
clean-fixed,46,val,root,D,60,60,1.0
clean-fixed,46,val,root,D#,60,60,1.0
clean-fixed,46,val,root,E,60,60,1.0
clean-fixed,46,val,root,F,60,60,1.0
clean-fixed,46,val,root,F#,60,60,1.0
clean-fixed,46,val,root,G,60,60,1.0
clean-fixed,46,val,root,G#,60,60,1.0
clean-fixed,46,thinkpad,quality,diminished,480,479,0.9979166666666667
clean-fixed,46,thinkpad,quality,major,480,301,0.6270833333333333
clean-fixed,46,thinkpad,quality,minor,480,263,0.5479166666666667
clean-fixed,46,thinkpad,root,A,120,97,0.8083333333333333
clean-fixed,46,thinkpad,root,A#,120,97,0.8083333333333333
clean-fixed,46,thinkpad,root,B,120,85,0.7083333333333334
clean-fixed,46,thinkpad,root,C,120,119,0.9916666666666667
clean-fixed,46,thinkpad,root,C#,120,108,0.9
clean-fixed,46,thinkpad,root,D,120,36,0.3
clean-fixed,46,thinkpad,root,D#,120,21,0.175
clean-fixed,46,thinkpad,root,E,120,92,0.7666666666666667
clean-fixed,46,thinkpad,root,F,120,58,0.48333333333333334
clean-fixed,46,thinkpad,root,F#,120,112,0.9333333333333333
clean-fixed,46,thinkpad,root,G,120,119,0.9916666666666667
clean-fixed,46,thinkpad,root,G#,120,120,1.0
clean-fixed,46,vivo,quality,diminished,480,442,0.9208333333333333
clean-fixed,46,vivo,quality,major,480,480,1.0
clean-fixed,46,vivo,quality,minor,480,478,0.9958333333333333
clean-fixed,46,vivo,root,A,120,120,1.0
clean-fixed,46,vivo,root,A#,120,120,1.0
clean-fixed,46,vivo,root,B,120,120,1.0
clean-fixed,46,vivo,root,C,120,120,1.0
clean-fixed,46,vivo,root,C#,120,120,1.0
clean-fixed,46,vivo,root,D,120,120,1.0
clean-fixed,46,vivo,root,D#,120,118,0.9833333333333333
clean-fixed,46,vivo,root,E,120,111,0.925
clean-fixed,46,vivo,root,F,120,120,1.0
clean-fixed,46,vivo,root,F#,120,120,1.0
clean-fixed,46,vivo,root,G,120,120,1.0
clean-fixed,46,vivo,root,G#,120,120,1.0
clean-fixed,46,flow,quality,diminished,480,480,1.0
clean-fixed,46,flow,quality,major,480,471,0.98125
clean-fixed,46,flow,quality,minor,480,453,0.94375
clean-fixed,46,flow,root,A,120,119,0.9916666666666667
clean-fixed,46,flow,root,A#,120,120,1.0
clean-fixed,46,flow,root,B,120,119,0.9916666666666667
clean-fixed,46,flow,root,C,120,120,1.0
clean-fixed,46,flow,root,C#,120,120,1.0
clean-fixed,46,flow,root,D,120,118,0.9833333333333333
clean-fixed,46,flow,root,D#,120,100,0.8333333333333334
clean-fixed,46,flow,root,E,120,118,0.9833333333333333
clean-fixed,46,flow,root,F,120,120,1.0
clean-fixed,46,flow,root,F#,120,120,1.0
clean-fixed,46,flow,root,G,120,119,0.9916666666666667
clean-fixed,46,flow,root,G#,120,118,0.9833333333333333
clean-fixed,46,thinkpad-2,quality,diminished,480,480,1.0
clean-fixed,46,thinkpad-2,quality,major,480,144,0.3
clean-fixed,46,thinkpad-2,quality,minor,480,169,0.35208333333333336
clean-fixed,46,thinkpad-2,root,A,120,0,0.0
clean-fixed,46,thinkpad-2,root,A#,120,34,0.2833333333333333
clean-fixed,46,thinkpad-2,root,B,120,0,0.0
clean-fixed,46,thinkpad-2,root,C,120,120,1.0
clean-fixed,46,thinkpad-2,root,C#,120,92,0.7666666666666667
clean-fixed,46,thinkpad-2,root,D,120,31,0.25833333333333336
clean-fixed,46,thinkpad-2,root,D#,120,80,0.6666666666666666
clean-fixed,46,thinkpad-2,root,E,120,98,0.8166666666666667
clean-fixed,46,thinkpad-2,root,F,120,51,0.425
clean-fixed,46,thinkpad-2,root,F#,120,61,0.5083333333333333
clean-fixed,46,thinkpad-2,root,G,120,74,0.6166666666666667
clean-fixed,46,thinkpad-2,root,G#,120,21,0.175
clean-fixed,46,flow-2,quality,diminished,480,479,0.9979166666666667
clean-fixed,46,flow-2,quality,major,480,319,0.6645833333333333
clean-fixed,46,flow-2,quality,minor,480,326,0.6791666666666667
clean-fixed,46,flow-2,root,A,120,21,0.175
clean-fixed,46,flow-2,root,A#,120,48,0.4
clean-fixed,46,flow-2,root,B,120,1,0.008333333333333333
clean-fixed,46,flow-2,root,C,120,120,1.0
clean-fixed,46,flow-2,root,C#,120,116,0.9666666666666667
clean-fixed,46,flow-2,root,D,120,117,0.975
clean-fixed,46,flow-2,root,D#,120,114,0.95
clean-fixed,46,flow-2,root,E,120,113,0.9416666666666667
clean-fixed,46,flow-2,root,F,120,115,0.9583333333333334
clean-fixed,46,flow-2,root,F#,120,116,0.9666666666666667
clean-fixed,46,flow-2,root,G,120,104,0.8666666666666667
clean-fixed,46,flow-2,root,G#,120,70,0.5833333333333334
