n,sink_class,sink_share,sink_share_excess,top3_share,pred_entropy_bits,n_classes_never_predicted,scaled_l2_median,scaled_l2_p99,scaled_l2_max,k_max_mean,k_max_median,variant,seed,dataset,sink_matches_zero_kernel_class
720,A#_diminished_4,0.0277777777777777,0.0,0.0833333333333333,5.169925001442311,0,189.560524274906,235.7056768069514,1236.9137968340444,0.7896148216114339,0.792761610492813,orig,42,test,False
720,A#_diminished_4,0.0277777777777777,0.0,0.0833333333333333,5.169925001442311,0,189.83752196709327,242.8100574910513,1236.9137968340444,0.7910473863180534,0.7929615541294677,orig,42,val,False
1440,C_diminished_4,0.1486111111111111,0.1208333333333333,0.2194444444444444,4.894935326376403,1,328.67274931667527,438.9733780378976,593.2411348402214,0.4652404618655205,0.4687301519461634,orig,42,thinkpad,True
1440,G_minor_4,0.0402777777777777,0.0125,0.1083333333333333,5.154012067361669,0,270.54006746208694,359.4678259131774,367.7107947313653,0.5534438799272497,0.554966723888072,orig,42,vivo,False
1440,C_diminished_4,0.03125,0.0034722222222222,0.0895833333333333,5.169310375217687,0,281.91906257260854,337.13320149963704,397.676471800858,0.523676968156422,0.5263540836589393,orig,42,flow,True
1440,C_diminished_4,0.3798611111111111,0.3520833333333333,0.5027777777777778,3.7187927725347336,9,357.4381526697621,472.3871731147469,538.3579023048144,0.4181125569985176,0.4149543097280065,orig,42,thinkpad-2,True
1440,C_diminished_4,0.18125,0.1534722222222222,0.2833333333333333,4.655549537334678,4,324.97349915970443,401.58916877017634,496.1720595474031,0.4701454027253776,0.476422962204341,orig,42,flow-2,True
720,A#_diminished_4,0.0277777777777777,0.0,0.0833333333333333,5.169925001442311,0,188.1445684004472,234.2533796100996,276.1953471958002,0.7949494379180619,0.7974660146310091,orig,43,test,False
720,A#_diminished_4,0.0277777777777777,0.0,0.0833333333333333,5.169925001442311,0,188.4294086348964,230.68872500705467,632.8918906791788,0.793296972484643,0.7968700579523306,orig,43,val,False
1440,C_diminished_4,0.1381944444444444,0.1104166666666666,0.2006944444444444,4.954687077627577,0,323.6145290420486,431.1445560113822,581.3996394461291,0.4758834991939577,0.4783835802452012,orig,43,thinkpad,True
1440,G_minor_4,0.0402777777777777,0.0125,0.1048611111111111,5.157435205904103,0,268.5914593651309,356.4602005356692,364.83892846599815,0.5611140779225027,0.5626967302149648,orig,43,vivo,False
1440,C_diminished_4,0.03125,0.0034722222222222,0.0881944444444444,5.169408768668795,0,278.7877928943305,331.8282229939672,391.5091661209895,0.5319552052785773,0.5333669074498039,orig,43,flow,True
1440,C_diminished_4,0.3701388888888889,0.3423611111111111,0.4868055555555555,3.803099499109023,6,351.24617747260584,463.4213582881704,529.2219174671037,0.429791319004817,0.4262907227046099,orig,43,thinkpad-2,True
1440,C_diminished_4,0.1541666666666666,0.1263888888888888,0.2694444444444445,4.739879556098934,4,319.75486099849047,394.0140736014845,487.0484991432847,0.4789021699503069,0.4858207314526244,orig,43,flow-2,True
720,A#_diminished_4,0.0277777777777777,0.0,0.0833333333333333,5.169925001442311,0,188.7851483097062,232.7265794785511,272.99370948572994,0.794870790780461,0.7974003040046966,orig,44,test,False
720,A#_diminished_4,0.0277777777777777,0.0,0.0833333333333333,5.169925001442311,0,188.2178182503156,231.38292099675024,258.2270555818841,0.7963611696633066,0.7982388330082948,orig,44,val,False
1440,C_diminished_4,0.1798611111111111,0.1520833333333333,0.2729166666666666,4.75358806907922,1,323.2260006833711,430.6227810313405,580.5132234048023,0.4757946394679685,0.4785184539743167,orig,44,thinkpad,True
1440,E_minor_4,0.0402777777777777,0.0125,0.1090277777777777,5.153071971854227,0,268.45737977648287,356.0425224544311,364.5827318383418,0.5613737980433106,0.5624352158146048,orig,44,vivo,False
1440,C_diminished_4,0.0326388888888888,0.0048611111111111,0.0895833333333333,5.169129989410396,0,278.50346961327955,331.37751975162905,391.0156221334331,0.532571822544714,0.5344542254678699,orig,44,flow,True
1440,C_diminished_4,0.4208333333333333,0.3930555555555555,0.5354166666666667,3.525206344560242,10,350.86332925759245,462.7388719206833,528.3589714734015,0.4292426407269871,0.4264508072024924,orig,44,thinkpad-2,True
1440,C_diminished_4,0.1986111111111111,0.1708333333333333,0.3208333333333333,4.556091504331089,3,319.416833049585,393.5075820241156,486.6773651832174,0.4803954744081258,0.4870882996178484,orig,44,flow-2,True
720,A#_diminished_4,0.0277777777777777,0.0,0.0833333333333333,5.169925001442311,0,190.7810811551912,240.6400476947159,1253.0034136192935,0.7861648768393731,0.788623713888438,orig,45,test,False
720,A#_diminished_4,0.0277777777777777,0.0,0.0833333333333333,5.169925001442311,0,191.07773266965984,260.7059371879811,1253.0034136192935,0.7867496569315173,0.7881857153018901,orig,45,val,False
1440,C_diminished_4,0.2256944444444444,0.1979166666666666,0.3111111111111111,4.593933813042659,1,333.48420948192813,445.8893195761536,603.7361052749231,0.4565823356766436,0.4593342548969472,orig,45,thinkpad,True
1440,G_minor_4,0.0451388888888888,0.0173611111111111,0.10625,5.150514434318574,0,271.9768289278187,361.4427188914837,369.7699805097805,0.5486073937103556,0.549152880537571,orig,45,vivo,False
1440,C_diminished_4,0.0354166666666666,0.0076388888888888,0.0930555555555555,5.16811620793802,0,284.8780466106481,342.28305167238943,403.48741260922606,0.517534594134234,0.5195967630323064,orig,45,flow,True
1440,C_diminished_4,0.4861111111111111,0.4583333333333333,0.5951388888888889,3.154867377535869,11,362.9513129040339,480.02678739517086,545.9253456023148,0.4096289336000275,0.4066775356853663,orig,45,thinkpad-2,True
1440,C_diminished_4,0.2486111111111111,0.2208333333333333,0.3527777777777777,4.375020590816682,5,329.6610390492158,408.262276052515,503.5514371212674,0.4614387432199853,0.4682126661057313,orig,45,flow-2,True
720,A#_diminished_4,0.0277777777777777,0.0,0.0833333333333333,5.169925001442311,0,190.9983407102609,249.4727910641897,1251.85901419252,0.7879524355504609,0.7887339593874052,orig,46,test,False
720,A#_diminished_4,0.0277777777777777,0.0,0.0833333333333333,5.169925001442311,0,190.76346751974964,249.7553059187976,1251.85901419252,0.7868238929421507,0.7892021860020118,orig,46,val,False
1440,C_diminished_4,0.1979166666666666,0.1701388888888889,0.2715277777777777,4.7173598837547885,1,333.0339252998889,445.2939571853672,602.8768379839465,0.456989490713091,0.4613154446925201,orig,46,thinkpad,True
1440,G_minor_4,0.0409722222222222,0.0131944444444444,0.10625,5.156380744717009,0,271.8452074800002,361.31223182740536,369.67081089760967,0.5496796766680797,0.5494762732928724,orig,46,vivo,False
1440,C_diminished_4,0.0361111111111111,0.0083333333333333,0.0930555555555555,5.1678704499198505,0,284.54085331686485,341.7100069763149,402.8665164669291,0.5188307860720327,0.5200677471117836,orig,46,flow,True
1440,C_diminished_4,0.4791666666666667,0.4513888888888889,0.6020833333333334,3.204606455139235,11,362.5399619695471,479.38971117788526,545.2845651877508,0.408634048698352,0.4091154901241617,orig,46,thinkpad-2,True
1440,C_diminished_4,0.2263888888888889,0.1986111111111111,0.3215277777777777,4.508585911021183,3,329.3337473373431,407.7339871382927,503.18690871405073,0.4622277095962001,0.4687696426076607,orig,46,flow-2,True
718,A#_diminished_4,0.0278551532033426,7.737542556484137e-05,0.0835654596100278,5.16982840424887,0,197.17740771897488,266.62014757859464,351.24738499520527,0.7602370097518545,0.7658015885374201,clean,42,test,False
718,A#_diminished_4,0.0278551532033426,7.737542556484137e-05,0.0835654596100278,5.16982840424887,0,197.6096584261201,267.6006987725378,399.4167353979792,0.760781092147855,0.7650287183649155,clean,42,val,False
1440,C_diminished_4,0.2076388888888889,0.1798611111111111,0.2902777777777778,4.642053779683482,2,363.4375888692804,487.9328351662684,667.5873992855107,0.3964630765575219,0.3984451874464959,clean,42,thinkpad,True
1440,E_minor_4,0.0430555555555555,0.0152777777777777,0.1131944444444444,5.145483385862635,0,281.0487409191471,373.6714831423702,396.612004171596,0.5191330439880468,0.522098392298794,clean,42,vivo,False
1440,C_diminished_4,0.03125,0.0034722222222222,0.0895833333333333,5.169259633989163,0,302.1997374983333,367.4471423450238,437.756349699763,0.4718272692930283,0.4746708774978788,clean,42,flow,True
1440,C_diminished_4,0.4673611111111111,0.4395833333333333,0.6402777777777778,3.1001917372300394,9,397.10131436991946,525.6949044872115,593.8190562043189,0.3558012775124849,0.3498501342350728,clean,42,thinkpad-2,True
1440,C_diminished_4,0.1916666666666666,0.1638888888888889,0.3513888888888889,4.431409469905722,6,358.3101124124938,446.5377247398172,550.4176872146217,0.4102531283718478,0.4117741297552919,clean,42,flow-2,True
718,A#_diminished_4,0.0278551532033426,7.737542556484137e-05,0.0835654596100278,5.16982840424887,0,197.7040081651624,253.04421966893668,288.9929308139567,0.7611081932389625,0.7653975858478466,clean,43,test,False
718,A#_diminished_4,0.0278551532033426,7.737542556484137e-05,0.0835654596100278,5.16982840424887,0,198.50748049314288,265.065295445479,399.0428273090278,0.7607398108577416,0.7650985804605629,clean,43,val,False
1440,C_diminished_4,0.2659722222222222,0.2381944444444444,0.4013888888888889,4.301556818380941,4,362.9965877580184,487.2859905212104,666.5645203166534,0.4049284667060907,0.4068266808641325,clean,43,thinkpad,True
1440,G_minor_4,0.0409722222222222,0.0131944444444444,0.1111111111111111,5.151263347048149,0,280.8519049829458,373.4907794090639,396.0101675502126,0.5194923783689327,0.5220855276947102,clean,43,vivo,False
1440,C_diminished_4,0.0395833333333333,0.0118055555555555,0.1104166666666666,5.159922340487535,0,301.9861740615745,367.215917696883,436.9572632427089,0.4759511475479764,0.4773302077693849,clean,43,flow,True
1440,C_diminished_4,0.5506944444444445,0.5229166666666667,0.701388888888889,2.670149656436333,17,396.7728000146885,524.9994620025403,593.0189268232383,0.3604366962931526,0.3573237491879961,clean,43,thinkpad-2,True
1440,C_diminished_4,0.2659722222222222,0.2381944444444444,0.4041666666666666,4.163556397082336,7,358.0335339477528,446.1085001589578,550.3416926652634,0.4122595093886032,0.4158476570905374,clean,43,flow-2,True
718,A#_diminished_4,0.0278551532033426,7.737542556484137e-05,0.0835654596100278,5.16982840424887,0,197.8077711705641,254.6180294458107,289.8878313194186,0.7621014115832605,0.7665391529799821,clean,44,test,False
718,A#_diminished_4,0.0278551532033426,7.737542556484137e-05,0.0835654596100278,5.16982840424887,0,197.90022097254905,250.1426876812256,673.1651506511291,0.7598377148907749,0.7655273305028767,clean,44,val,False
1440,C_diminished_4,0.1958333333333333,0.1680555555555555,0.298611111111111,4.643386079573824,2,362.2280499465263,486.0152761282031,664.7301603567782,0.4100978336308474,0.4133912564338546,clean,44,thinkpad,True
1440,G_minor_4,0.0416666666666666,0.0138888888888888,0.1034722222222222,5.157219443371579,0,280.8702011731512,373.5568330333054,395.30173014512224,0.5193589509084758,0.5218609371115974,clean,44,vivo,False
1440,F#_major_4,0.0347222222222222,0.0069444444444444,0.0986111111111111,5.165772060968493,0,301.54462789706804,366.369523778862,435.8239168433524,0.4754189403859761,0.4762001872478307,clean,44,flow,False
1440,C_diminished_4,0.3965277777777777,0.3687499999999999,0.554861111111111,3.5471550385885897,9,396.1265143050565,524.3694123385629,592.6501775427485,0.3605161009448113,0.3574543607964247,clean,44,thinkpad-2,True
1440,C_diminished_4,0.1486111111111111,0.1208333333333333,0.2673611111111111,4.644665181026313,6,357.58610029295403,445.3914028098643,549.4319045959785,0.4136346379261566,0.4185713276378268,clean,44,flow-2,True
718,A#_diminished_4,0.0278551532033426,7.737542556484137e-05,0.0835654596100278,5.16982840424887,0,197.6279542207217,249.876183373883,282.7423547304391,0.7625132660251491,0.765240135134831,clean,45,test,False
718,A#_diminished_4,0.0278551532033426,7.737542556484137e-05,0.0835654596100278,5.16982840424887,0,197.42493139307567,256.98699447096067,303.4738649782514,0.7605489109376533,0.7647125483921242,clean,45,val,False
1440,C_diminished_4,0.2902777777777778,0.2625,0.4215277777777778,4.199784089620081,3,362.28236874998873,486.12760985205983,665.0217387825588,0.4083042916827339,0.410788877077535,clean,45,thinkpad,True
1440,G_minor_4,0.0444444444444444,0.0166666666666666,0.1118055555555555,5.147726329549679,0,280.72506838017614,373.4477406281848,395.1751149773221,0.5200244196241712,0.523257119362075,clean,45,vivo,False
1440,C_diminished_4,0.0409722222222222,0.0131944444444444,0.1027777777777777,5.163347319634247,0,301.5248012710676,366.3823264109401,436.0767780606019,0.476958858762015,0.4788007401320969,clean,45,flow,True
1440,C_diminished_4,0.5472222222222223,0.5194444444444445,0.676388888888889,2.778982943842747,15,396.1425415046588,524.3228987120356,592.3661476208291,0.3601004923701206,0.3558562395189771,clean,45,thinkpad-2,True
1440,C_diminished_4,0.2951388888888889,0.2673611111111111,0.4347222222222222,4.080925651676786,6,357.4718961551685,445.40900025196345,549.4047871135797,0.4128509349532228,0.416840261668255,clean,45,flow-2,True
718,A#_diminished_4,0.0278551532033426,7.737542556484137e-05,0.0835654596100278,5.16982840424887,0,198.24255811878007,253.4836699666732,345.674464178088,0.7620381225879486,0.7651237070694936,clean,46,test,False
718,A#_diminished_4,0.0278551532033426,7.737542556484137e-05,0.0835654596100278,5.16982840424887,0,198.5402750332156,262.14301316981727,303.1287349414214,0.7606964355346032,0.7650287786069006,clean,46,val,False
1440,C_diminished_4,0.2840277777777777,0.25625,0.4034722222222222,4.252842903916344,4,362.88063919836446,486.97138768157953,666.1147812296265,0.404191244628321,0.40821520239977,clean,46,thinkpad,True
1440,G_minor_4,0.04375,0.0159722222222222,0.1097222222222222,5.151010544672316,0,280.8884291801148,373.6612985503172,395.5905492664832,0.519260998629873,0.5217378539569216,clean,46,vivo,False
1440,C_diminished_4,0.0395833333333333,0.0118055555555555,0.1027777777777777,5.1640111573369065,0,301.887262575696,366.9627048694807,436.6440804351501,0.4763342481349149,0.47783833421487,clean,46,flow,True
1440,C_diminished_4,0.5604166666666667,0.5326388888888889,0.673611111111111,2.7199910400067995,15,396.8641464157973,525.2303818244529,592.9922868235861,0.3564668568002266,0.35402902360916,clean,46,thinkpad-2,True
1440,C_diminished_4,0.2805555555555555,0.2527777777777777,0.3944444444444445,4.2003669483416735,6,358.18569680510734,446.1271723129093,550.7375362709004,0.4123348861434421,0.4166866908734695,clean,46,flow-2,True
718,A#_diminished_4,0.0278551532033426,7.737542556484137e-05,0.0835654596100278,5.16982840424887,0,197.3718712627646,249.75833799131496,348.57106593020933,0.7615467936109943,0.7662084376434207,clean-fixed,42,test,False
718,A#_diminished_4,0.0278551532033426,7.737542556484137e-05,0.0835654596100278,5.169722601445454,0,197.91833804460555,253.61915234873345,295.37252285952417,0.7633849395866659,0.7663397217113195,clean-fixed,42,val,False
1440,C_diminished_4,0.1805555555555555,0.1527777777777778,0.3,4.682432058191902,2,361.65484726112106,485.4630634207952,663.9192610304603,0.4082251333141212,0.4122269606826727,clean-fixed,42,thinkpad,True
1440,E_minor_4,0.0451388888888888,0.0173611111111111,0.1166666666666666,5.141657443388856,0,280.89709948782587,373.7016256895051,394.6934844111696,0.5192561154851132,0.5210980206428404,clean-fixed,42,vivo,False
1440,F#_major_4,0.0423611111111111,0.0145833333333333,0.1041666666666666,5.158812038702303,0,301.1789821970917,365.9668831166659,435.188761480419,0.4756712143002804,0.4788452792395468,clean-fixed,42,flow,False
1440,C_diminished_4,0.425,0.3972222222222222,0.5923611111111111,3.341833344904142,11,395.5492121345226,523.7420912872777,591.9230816515591,0.3607391848891846,0.3566586645067594,clean-fixed,42,thinkpad-2,True
1440,C_diminished_4,0.18125,0.1534722222222222,0.3041666666666666,4.564014062939931,4,356.98951837397726,444.7405410147145,549.1168900042122,0.4141316149240659,0.4179969599947661,clean-fixed,42,flow-2,True
717,A#_diminished_4,0.0278940027894002,0.0001162250116225,0.0836820083682008,5.169460362087667,0,197.94132122313871,250.3314772288993,303.6771340462284,0.7611450544631483,0.7653908840273224,clean-fixed,43,test,False
719,A#_diminished_4,0.0278164116828929,3.863390511513187e-05,0.0834492350486787,5.169875374658238,0,197.9545826898957,247.80215297329227,673.7220827471785,0.7606306006894028,0.7651030572287605,clean-fixed,43,val,False
1440,C_diminished_4,0.1875,0.1597222222222222,0.2763888888888889,4.711045528335352,1,362.48112183958426,486.410323463664,665.5789421730319,0.4072187038885251,0.4118201296401655,clean-fixed,43,thinkpad,True
1440,G_minor_4,0.04375,0.0159722222222222,0.1159722222222222,5.1410388577908375,0,280.93152714034375,373.6667661755221,395.513063515788,0.5198293001554524,0.5221394977423506,clean-fixed,43,vivo,False
1440,F#_major_4,0.0319444444444444,0.0041666666666666,0.0930555555555555,5.168379586866826,0,301.7122222329027,366.5388458947836,436.0780105748295,0.4742547783295184,0.475698693412422,clean-fixed,43,flow,False
1440,C_diminished_4,0.4055555555555555,0.3777777777777777,0.5451388888888888,3.469690927175153,9,396.4573305385276,524.8590847274082,592.9948978279216,0.3611690420266804,0.3566656970766159,clean-fixed,43,thinkpad-2,True
1440,C_diminished_4,0.1548611111111111,0.1270833333333333,0.2861111111111111,4.651635487746036,4,357.88098720578705,445.7272007339761,549.9932352127618,0.4131955866139099,0.4170152361685163,clean-fixed,43,flow-2,True
719,A#_diminished_4,0.0278164116828929,3.863390511513187e-05,0.0834492350486787,5.169875374658238,0,198.07004446779203,249.0143696341999,302.0757080480066,0.7620798147458026,0.7658688778697992,clean-fixed,44,test,False
717,A#_diminished_4,0.0278940027894002,0.0001162250116225,0.0836820083682008,5.169460362087667,0,197.60896545414852,250.270678708634,277.72538346562607,0.7639660486660746,0.7665877343703766,clean-fixed,44,val,False
1440,C_diminished_4,0.2666666666666666,0.2388888888888888,0.3986111111111111,4.260154410283961,5,361.7233245284648,485.4960643913049,663.9088702683665,0.4083928673164412,0.4107428094365827,clean-fixed,44,thinkpad,True
1440,E_minor_4,0.0479166666666666,0.0201388888888888,0.1173611111111111,5.135834526334556,0,280.69556075207913,373.2863099596634,394.5840982621,0.5202171586428291,0.5223141090330793,clean-fixed,44,vivo,False
1440,C_diminished_4,0.0409722222222222,0.0131944444444444,0.1097222222222222,5.159419506715503,0,301.1881458145036,366.0429464976806,435.1102520087542,0.4757003073537163,0.4775594090014834,clean-fixed,44,flow,True
1440,C_diminished_4,0.5201388888888889,0.4923611111111111,0.6506944444444445,2.8899553112480403,16,395.81747106089176,523.690097958755,591.7544803651915,0.3609069658362814,0.3570952679023447,clean-fixed,44,thinkpad-2,True
1440,C_diminished_4,0.2618055555555555,0.2340277777777777,0.3902777777777778,4.235973163309186,6,357.28727112998683,444.8396980328996,549.3114363518473,0.4139238797627533,0.4168487587343812,clean-fixed,44,flow-2,True
719,A#_diminished_4,0.0278164116828929,3.863390511513187e-05,0.0834492350486787,5.169875374658238,0,197.81788487144877,251.06760871024488,399.2612232835433,0.7618810841736593,0.7656688707897672,clean-fixed,45,test,False
712,A#_diminished_4,0.0280898876404494,0.0003121098626716,0.0842696629213483,5.168274014500938,0,197.84332711811092,252.39291124844087,291.566557803953,0.7605045029332267,0.7644691662828551,clean-fixed,45,val,False
1440,C_diminished_4,0.2868055555555555,0.2590277777777777,0.4159722222222222,4.191638260548185,4,362.7382803523379,486.7727128292832,665.9520400519157,0.4066634060970506,0.4091533765453045,clean-fixed,45,thinkpad,True
1440,G_minor_4,0.0486111111111111,0.0208333333333333,0.1145833333333333,5.138664347131021,0,280.95503507242347,373.66654578083467,395.6211442966742,0.5187490857476554,0.5199773099089939,clean-fixed,45,vivo,False
1440,C_diminished_4,0.0402777777777777,0.0125,0.1097222222222222,5.160239923644618,0,301.85162652050985,366.8507165158478,436.6821589596752,0.4755732551640771,0.4780688466141066,clean-fixed,45,flow,True
1440,C_diminished_4,0.5173611111111112,0.4895833333333333,0.6465277777777778,2.870485512766315,17,396.5754687493446,524.8277965062822,592.7650152226738,0.3596355802907339,0.3566868366411823,clean-fixed,45,thinkpad-2,True
1440,C_diminished_4,0.275,0.2472222222222222,0.3972222222222222,4.174333189441746,7,357.8286957128537,445.7895139465976,549.9337620064821,0.4123692686820467,0.415435343903781,clean-fixed,45,flow-2,True
716,A#_diminished_4,0.027932960893854747,0.00015518311607697066,0.08379888268156424,5.169418297403795,0,197.7335655861205,259.0088959109176,345.1041811648289,0.7629983452566559,0.7657962940037378,clean-fixed,46,test,False
717,A#_diminished_4,0.02789400278940028,0.00011622501162250262,0.08368200836820083,5.169678154859792,0,197.82563058405228,257.8929664404399,289.781131907479,0.762031834421021,0.76597558358852,clean-fixed,46,val,False
1440,C_diminished_4,0.2548611111111111,0.2270833333333333,0.3784722222222222,4.38548543664401,2,362.0576530638988,485.90486071621604,664.6614873464258,0.4064091731741974,0.41186139227202156,clean-fixed,46,thinkpad,True
1440,G_minor_4,0.043055555555555555,0.015277777777777779,0.11597222222222223,5.142901703595054,0,280.78802780929556,373.548535410666,394.9781047281913,0.5198540155072565,0.5205423387736583,clean-fixed,46,vivo,False
1440,C_diminished_4,0.03958333333333333,0.011805555555555555,0.10833333333333334,5.158030043432122,0,301.41197983883217,366.3266135665535,435.8002779726131,0.4767104069141057,0.4781859824068603,clean-fixed,46,flow,True
1440,C_diminished_4,0.53125,0.5034722222222222,0.6611111111111111,2.8701613643735993,14,395.8972372892224,523.9629930482581,591.895681565456,0.3570458045606297,0.3560218073758772,clean-fixed,46,thinkpad-2,True
1440,C_diminished_4,0.2513888888888889,0.2236111111111111,0.37222222222222223,4.333794570242635,5,357.31885786059445,445.14236206478034,549.3935074085935,0.4137351139313536,0.4182508238449423,clean-fixed,46,flow-2,True
