variant,seed,class,n_train_class,n_support,sv_fraction
orig,42,A#_diminished_4,160,87,0.54375
orig,42,A#_major_4,160,107,0.66875
orig,42,A#_minor_4,160,94,0.5875
orig,42,A_diminished_4,160,105,0.65625
orig,42,A_major_4,160,110,0.6875
orig,42,A_minor_4,160,115,0.71875
orig,42,B_diminished_4,160,115,0.71875
orig,42,B_major_4,160,101,0.63125
orig,42,B_minor_4,160,91,0.56875
orig,42,C#_diminished_4,160,84,0.525
orig,42,C#_major_4,160,101,0.63125
orig,42,C#_minor_4,160,98,0.6125
orig,42,C_diminished_4,160,119,0.74375
orig,42,C_major_4,160,104,0.65
orig,42,C_minor_4,160,97,0.60625
orig,42,D#_diminished_4,160,129,0.80625
orig,42,D#_major_4,160,111,0.69375
orig,42,D#_minor_4,160,116,0.725
orig,42,D_diminished_4,160,113,0.70625
orig,42,D_major_4,160,97,0.60625
orig,42,D_minor_4,160,100,0.625
orig,42,E_diminished_4,160,111,0.69375
orig,42,E_major_4,160,121,0.75625
orig,42,E_minor_4,160,122,0.7625
orig,42,F#_diminished_4,160,117,0.73125
orig,42,F#_major_4,160,125,0.78125
orig,42,F#_minor_4,160,116,0.725
orig,42,F_diminished_4,160,112,0.7
orig,42,F_major_4,160,116,0.725
orig,42,F_minor_4,160,120,0.75
orig,42,G#_diminished_4,160,102,0.6375
orig,42,G#_major_4,160,109,0.68125
orig,42,G#_minor_4,160,112,0.7
orig,42,G_diminished_4,160,103,0.64375
orig,42,G_major_4,160,106,0.6625
orig,42,G_minor_4,160,107,0.66875
orig,43,A#_diminished_4,160,88,0.55
orig,43,A#_major_4,160,108,0.675
orig,43,A#_minor_4,160,94,0.5875
orig,43,A_diminished_4,160,103,0.64375
orig,43,A_major_4,160,107,0.66875
orig,43,A_minor_4,160,110,0.6875
orig,43,B_diminished_4,160,108,0.675
orig,43,B_major_4,160,96,0.6
orig,43,B_minor_4,160,102,0.6375
orig,43,C#_diminished_4,160,79,0.49375
orig,43,C#_major_4,160,103,0.64375
orig,43,C#_minor_4,160,108,0.675
orig,43,C_diminished_4,160,115,0.71875
orig,43,C_major_4,160,102,0.6375
orig,43,C_minor_4,160,98,0.6125
orig,43,D#_diminished_4,160,135,0.84375
orig,43,D#_major_4,160,118,0.7375
orig,43,D#_minor_4,160,110,0.6875
orig,43,D_diminished_4,160,114,0.7125
orig,43,D_major_4,160,105,0.65625
orig,43,D_minor_4,160,97,0.60625
orig,43,E_diminished_4,160,117,0.73125
orig,43,E_major_4,160,122,0.7625
orig,43,E_minor_4,160,123,0.76875
orig,43,F#_diminished_4,160,116,0.725
orig,43,F#_major_4,160,105,0.65625
orig,43,F#_minor_4,160,113,0.70625
orig,43,F_diminished_4,160,107,0.66875
orig,43,F_major_4,160,115,0.71875
orig,43,F_minor_4,160,121,0.75625
orig,43,G#_diminished_4,160,103,0.64375
orig,43,G#_major_4,160,103,0.64375
orig,43,G#_minor_4,160,107,0.66875
orig,43,G_diminished_4,160,102,0.6375
orig,43,G_major_4,160,104,0.65
orig,43,G_minor_4,160,107,0.66875
orig,44,A#_diminished_4,160,92,0.575
orig,44,A#_major_4,160,97,0.60625
orig,44,A#_minor_4,160,89,0.55625
orig,44,A_diminished_4,160,101,0.63125
orig,44,A_major_4,160,102,0.6375
orig,44,A_minor_4,160,111,0.69375
orig,44,B_diminished_4,160,106,0.6625
orig,44,B_major_4,160,93,0.58125
orig,44,B_minor_4,160,102,0.6375
orig,44,C#_diminished_4,160,77,0.48125
orig,44,C#_major_4,160,101,0.63125
orig,44,C#_minor_4,160,102,0.6375
orig,44,C_diminished_4,160,119,0.74375
orig,44,C_major_4,160,110,0.6875
orig,44,C_minor_4,160,93,0.58125
orig,44,D#_diminished_4,160,129,0.80625
orig,44,D#_major_4,160,121,0.75625
orig,44,D#_minor_4,160,118,0.7375
orig,44,D_diminished_4,160,109,0.68125
orig,44,D_major_4,160,95,0.59375
orig,44,D_minor_4,160,107,0.66875
orig,44,E_diminished_4,160,116,0.725
orig,44,E_major_4,160,121,0.75625
orig,44,E_minor_4,160,122,0.7625
orig,44,F#_diminished_4,160,120,0.75
orig,44,F#_major_4,160,110,0.6875
orig,44,F#_minor_4,160,115,0.71875
orig,44,F_diminished_4,160,112,0.7
orig,44,F_major_4,160,114,0.7125
orig,44,F_minor_4,160,122,0.7625
orig,44,G#_diminished_4,160,104,0.65
orig,44,G#_major_4,160,103,0.64375
orig,44,G#_minor_4,160,111,0.69375
orig,44,G_diminished_4,160,108,0.675
orig,44,G_major_4,160,104,0.65
orig,44,G_minor_4,160,105,0.65625
orig,45,A#_diminished_4,160,84,0.525
orig,45,A#_major_4,160,108,0.675
orig,45,A#_minor_4,160,95,0.59375
orig,45,A_diminished_4,160,107,0.66875
orig,45,A_major_4,160,109,0.68125
orig,45,A_minor_4,160,119,0.74375
orig,45,B_diminished_4,160,112,0.7
orig,45,B_major_4,160,98,0.6125
orig,45,B_minor_4,160,94,0.5875
orig,45,C#_diminished_4,160,82,0.5125
orig,45,C#_major_4,160,109,0.68125
orig,45,C#_minor_4,160,101,0.63125
orig,45,C_diminished_4,160,119,0.74375
orig,45,C_major_4,160,102,0.6375
orig,45,C_minor_4,160,92,0.575
orig,45,D#_diminished_4,160,124,0.775
orig,45,D#_major_4,160,115,0.71875
orig,45,D#_minor_4,160,113,0.70625
orig,45,D_diminished_4,160,112,0.7
orig,45,D_major_4,160,100,0.625
orig,45,D_minor_4,160,106,0.6625
orig,45,E_diminished_4,160,111,0.69375
orig,45,E_major_4,160,129,0.80625
orig,45,E_minor_4,160,125,0.78125
orig,45,F#_diminished_4,160,116,0.725
orig,45,F#_major_4,160,113,0.70625
orig,45,F#_minor_4,160,118,0.7375
orig,45,F_diminished_4,160,114,0.7125
orig,45,F_major_4,160,114,0.7125
orig,45,F_minor_4,160,123,0.76875
orig,45,G#_diminished_4,160,108,0.675
orig,45,G#_major_4,160,108,0.675
orig,45,G#_minor_4,160,115,0.71875
orig,45,G_diminished_4,160,105,0.65625
orig,45,G_major_4,160,105,0.65625
orig,45,G_minor_4,160,108,0.675
orig,46,A#_diminished_4,160,90,0.5625
orig,46,A#_major_4,160,105,0.65625
orig,46,A#_minor_4,160,99,0.61875
orig,46,A_diminished_4,160,98,0.6125
orig,46,A_major_4,160,109,0.68125
orig,46,A_minor_4,160,119,0.74375
orig,46,B_diminished_4,160,107,0.66875
orig,46,B_major_4,160,96,0.6
orig,46,B_minor_4,160,100,0.625
orig,46,C#_diminished_4,160,83,0.51875
orig,46,C#_major_4,160,105,0.65625
orig,46,C#_minor_4,160,112,0.7
orig,46,C_diminished_4,160,121,0.75625
orig,46,C_major_4,160,111,0.69375
orig,46,C_minor_4,160,93,0.58125
orig,46,D#_diminished_4,160,130,0.8125
orig,46,D#_major_4,160,118,0.7375
orig,46,D#_minor_4,160,115,0.71875
orig,46,D_diminished_4,160,104,0.65
orig,46,D_major_4,160,94,0.5875
orig,46,D_minor_4,160,100,0.625
orig,46,E_diminished_4,160,113,0.70625
orig,46,E_major_4,160,126,0.7875
orig,46,E_minor_4,160,127,0.79375
orig,46,F#_diminished_4,160,115,0.71875
orig,46,F#_major_4,160,119,0.74375
orig,46,F#_minor_4,160,120,0.75
orig,46,F_diminished_4,160,113,0.70625
orig,46,F_major_4,160,108,0.675
orig,46,F_minor_4,160,122,0.7625
orig,46,G#_diminished_4,160,109,0.68125
orig,46,G#_major_4,160,112,0.7
orig,46,G#_minor_4,160,112,0.7
orig,46,G_diminished_4,160,101,0.63125
orig,46,G_major_4,160,113,0.70625
orig,46,G_minor_4,160,110,0.6875
clean,42,A#_diminished_4,160,96,0.6
clean,42,A#_major_4,150,107,0.7133333333333334
clean,42,A#_minor_4,160,98,0.6125
clean,42,A_diminished_4,160,103,0.64375
clean,42,A_major_4,160,112,0.7
clean,42,A_minor_4,160,120,0.75
clean,42,B_diminished_4,160,112,0.7
clean,42,B_major_4,160,96,0.6
clean,42,B_minor_4,160,95,0.59375
clean,42,C#_diminished_4,160,87,0.54375
clean,42,C#_major_4,160,110,0.6875
clean,42,C#_minor_4,160,103,0.64375
clean,42,C_diminished_4,146,120,0.821917808219178
clean,42,C_major_4,160,113,0.70625
clean,42,C_minor_4,160,99,0.61875
clean,42,D#_diminished_4,160,133,0.83125
clean,42,D#_major_4,160,117,0.73125
clean,42,D#_minor_4,160,115,0.71875
clean,42,D_diminished_4,160,119,0.74375
clean,42,D_major_4,160,101,0.63125
clean,42,D_minor_4,160,109,0.68125
clean,42,E_diminished_4,160,122,0.7625
clean,42,E_major_4,160,127,0.79375
clean,42,E_minor_4,160,126,0.7875
clean,42,F#_diminished_4,160,124,0.775
clean,42,F#_major_4,160,112,0.7
clean,42,F#_minor_4,160,123,0.76875
clean,42,F_diminished_4,160,113,0.70625
clean,42,F_major_4,160,120,0.75
clean,42,F_minor_4,160,122,0.7625
clean,42,G#_diminished_4,160,113,0.70625
clean,42,G#_major_4,160,119,0.74375
clean,42,G#_minor_4,160,115,0.71875
clean,42,G_diminished_4,160,105,0.65625
clean,42,G_major_4,160,119,0.74375
clean,42,G_minor_4,160,112,0.7
clean,43,A#_diminished_4,160,94,0.5875
clean,43,A#_major_4,150,103,0.6866666666666666
clean,43,A#_minor_4,160,108,0.675
clean,43,A_diminished_4,160,105,0.65625
clean,43,A_major_4,160,114,0.7125
clean,43,A_minor_4,160,124,0.775
clean,43,B_diminished_4,160,107,0.66875
clean,43,B_major_4,160,96,0.6
clean,43,B_minor_4,160,102,0.6375
clean,43,C#_diminished_4,160,85,0.53125
clean,43,C#_major_4,160,107,0.66875
clean,43,C#_minor_4,160,108,0.675
clean,43,C_diminished_4,146,122,0.8356164383561644
clean,43,C_major_4,160,109,0.68125
clean,43,C_minor_4,160,99,0.61875
clean,43,D#_diminished_4,160,134,0.8375
clean,43,D#_major_4,160,117,0.73125
clean,43,D#_minor_4,160,111,0.69375
clean,43,D_diminished_4,160,118,0.7375
clean,43,D_major_4,160,95,0.59375
clean,43,D_minor_4,160,111,0.69375
clean,43,E_diminished_4,160,120,0.75
clean,43,E_major_4,160,122,0.7625
clean,43,E_minor_4,160,125,0.78125
clean,43,F#_diminished_4,160,123,0.76875
clean,43,F#_major_4,160,120,0.75
clean,43,F#_minor_4,160,122,0.7625
clean,43,F_diminished_4,160,116,0.725
clean,43,F_major_4,160,118,0.7375
clean,43,F_minor_4,160,123,0.76875
clean,43,G#_diminished_4,160,117,0.73125
clean,43,G#_major_4,160,112,0.7
clean,43,G#_minor_4,160,119,0.74375
clean,43,G_diminished_4,160,104,0.65
clean,43,G_major_4,160,114,0.7125
clean,43,G_minor_4,160,110,0.6875
clean,44,A#_diminished_4,160,93,0.58125
clean,44,A#_major_4,150,109,0.7266666666666667
clean,44,A#_minor_4,160,97,0.60625
clean,44,A_diminished_4,160,115,0.71875
clean,44,A_major_4,160,112,0.7
clean,44,A_minor_4,160,120,0.75
clean,44,B_diminished_4,160,108,0.675
clean,44,B_major_4,160,105,0.65625
clean,44,B_minor_4,160,98,0.6125
clean,44,C#_diminished_4,160,89,0.55625
clean,44,C#_major_4,160,111,0.69375
clean,44,C#_minor_4,160,110,0.6875
clean,44,C_diminished_4,146,117,0.8013698630136986
clean,44,C_major_4,160,109,0.68125
clean,44,C_minor_4,160,96,0.6
clean,44,D#_diminished_4,160,137,0.85625
clean,44,D#_major_4,160,117,0.73125
clean,44,D#_minor_4,160,115,0.71875
clean,44,D_diminished_4,160,118,0.7375
clean,44,D_major_4,160,98,0.6125
clean,44,D_minor_4,160,108,0.675
clean,44,E_diminished_4,160,123,0.76875
clean,44,E_major_4,160,126,0.7875
clean,44,E_minor_4,160,132,0.825
clean,44,F#_diminished_4,160,114,0.7125
clean,44,F#_major_4,160,112,0.7
clean,44,F#_minor_4,160,119,0.74375
clean,44,F_diminished_4,160,114,0.7125
clean,44,F_major_4,160,116,0.725
clean,44,F_minor_4,160,126,0.7875
clean,44,G#_diminished_4,160,106,0.6625
clean,44,G#_major_4,160,114,0.7125
clean,44,G#_minor_4,160,118,0.7375
clean,44,G_diminished_4,160,106,0.6625
clean,44,G_major_4,160,114,0.7125
clean,44,G_minor_4,160,112,0.7
clean,45,A#_diminished_4,160,92,0.575
clean,45,A#_major_4,150,106,0.7066666666666667
clean,45,A#_minor_4,160,102,0.6375
clean,45,A_diminished_4,160,103,0.64375
clean,45,A_major_4,160,107,0.66875
clean,45,A_minor_4,160,120,0.75
clean,45,B_diminished_4,160,117,0.73125
clean,45,B_major_4,160,105,0.65625
clean,45,B_minor_4,160,102,0.6375
clean,45,C#_diminished_4,160,82,0.5125
clean,45,C#_major_4,160,107,0.66875
clean,45,C#_minor_4,160,112,0.7
clean,45,C_diminished_4,146,118,0.8082191780821918
clean,45,C_major_4,160,109,0.68125
clean,45,C_minor_4,160,98,0.6125
clean,45,D#_diminished_4,160,135,0.84375
clean,45,D#_major_4,160,114,0.7125
clean,45,D#_minor_4,160,116,0.725
clean,45,D_diminished_4,160,116,0.725
clean,45,D_major_4,160,102,0.6375
clean,45,D_minor_4,160,110,0.6875
clean,45,E_diminished_4,160,118,0.7375
clean,45,E_major_4,160,126,0.7875
clean,45,E_minor_4,160,126,0.7875
clean,45,F#_diminished_4,160,123,0.76875
clean,45,F#_major_4,160,113,0.70625
clean,45,F#_minor_4,160,123,0.76875
clean,45,F_diminished_4,160,116,0.725
clean,45,F_major_4,160,119,0.74375
clean,45,F_minor_4,160,120,0.75
clean,45,G#_diminished_4,160,105,0.65625
clean,45,G#_major_4,160,107,0.66875
clean,45,G#_minor_4,160,117,0.73125
clean,45,G_diminished_4,160,110,0.6875
clean,45,G_major_4,160,113,0.70625
clean,45,G_minor_4,160,108,0.675
clean,46,A#_diminished_4,160,93,0.58125
clean,46,A#_major_4,150,106,0.7066666666666667
clean,46,A#_minor_4,160,88,0.55
clean,46,A_diminished_4,160,108,0.675
clean,46,A_major_4,160,116,0.725
clean,46,A_minor_4,160,118,0.7375
clean,46,B_diminished_4,160,107,0.66875
clean,46,B_major_4,160,96,0.6
clean,46,B_minor_4,160,99,0.61875
clean,46,C#_diminished_4,160,80,0.5
clean,46,C#_major_4,160,105,0.65625
clean,46,C#_minor_4,160,111,0.69375
clean,46,C_diminished_4,146,121,0.8287671232876712
clean,46,C_major_4,160,117,0.73125
clean,46,C_minor_4,160,100,0.625
clean,46,D#_diminished_4,160,125,0.78125
clean,46,D#_major_4,160,116,0.725
clean,46,D#_minor_4,160,116,0.725
clean,46,D_diminished_4,160,120,0.75
clean,46,D_major_4,160,107,0.66875
clean,46,D_minor_4,160,108,0.675
clean,46,E_diminished_4,160,122,0.7625
clean,46,E_major_4,160,124,0.775
clean,46,E_minor_4,160,129,0.80625
clean,46,F#_diminished_4,160,117,0.73125
clean,46,F#_major_4,160,108,0.675
clean,46,F#_minor_4,160,123,0.76875
clean,46,F_diminished_4,160,115,0.71875
clean,46,F_major_4,160,120,0.75
clean,46,F_minor_4,160,121,0.75625
clean,46,G#_diminished_4,160,107,0.66875
clean,46,G#_major_4,160,111,0.69375
clean,46,G#_minor_4,160,126,0.7875
clean,46,G_diminished_4,160,108,0.675
clean,46,G_major_4,160,117,0.73125
clean,46,G_minor_4,160,112,0.7
clean-fixed,42,A#_diminished_4,160,93,0.58125
clean-fixed,42,A#_major_4,149,109,0.7315436241610739
clean-fixed,42,A#_minor_4,160,93,0.58125
clean-fixed,42,A_diminished_4,160,108,0.675
clean-fixed,42,A_major_4,160,112,0.7
clean-fixed,42,A_minor_4,160,117,0.73125
clean-fixed,42,B_diminished_4,160,119,0.74375
clean-fixed,42,B_major_4,160,101,0.63125
clean-fixed,42,B_minor_4,160,92,0.575
clean-fixed,42,C#_diminished_4,160,87,0.54375
clean-fixed,42,C#_major_4,160,104,0.65
clean-fixed,42,C#_minor_4,160,103,0.64375
clean-fixed,42,C_diminished_4,147,120,0.8163265306122449
clean-fixed,42,C_major_4,160,111,0.69375
clean-fixed,42,C_minor_4,160,102,0.6375
clean-fixed,42,D#_diminished_4,160,132,0.825
clean-fixed,42,D#_major_4,160,113,0.70625
clean-fixed,42,D#_minor_4,160,118,0.7375
clean-fixed,42,D_diminished_4,160,117,0.73125
clean-fixed,42,D_major_4,160,100,0.625
clean-fixed,42,D_minor_4,160,100,0.625
clean-fixed,42,E_diminished_4,160,115,0.71875
clean-fixed,42,E_major_4,160,123,0.76875
clean-fixed,42,E_minor_4,160,124,0.775
clean-fixed,42,F#_diminished_4,160,121,0.75625
clean-fixed,42,F#_major_4,160,129,0.80625
clean-fixed,42,F#_minor_4,160,118,0.7375
clean-fixed,42,F_diminished_4,160,114,0.7125
clean-fixed,42,F_major_4,160,119,0.74375
clean-fixed,42,F_minor_4,160,125,0.78125
clean-fixed,42,G#_diminished_4,160,101,0.63125
clean-fixed,42,G#_major_4,160,109,0.68125
clean-fixed,42,G#_minor_4,160,115,0.71875
clean-fixed,42,G_diminished_4,160,106,0.6625
clean-fixed,42,G_major_4,160,115,0.71875
clean-fixed,42,G_minor_4,160,111,0.69375
clean-fixed,43,A#_diminished_4,160,92,0.575
clean-fixed,43,A#_major_4,152,112,0.7368421052631579
clean-fixed,43,A#_minor_4,160,95,0.59375
clean-fixed,43,A_diminished_4,160,103,0.64375
clean-fixed,43,A_major_4,160,112,0.7
clean-fixed,43,A_minor_4,160,113,0.70625
clean-fixed,43,B_diminished_4,160,112,0.7
clean-fixed,43,B_major_4,160,102,0.6375
clean-fixed,43,B_minor_4,160,102,0.6375
clean-fixed,43,C#_diminished_4,160,81,0.50625
clean-fixed,43,C#_major_4,160,107,0.66875
clean-fixed,43,C#_minor_4,160,111,0.69375
clean-fixed,43,C_diminished_4,144,117,0.8125
clean-fixed,43,C_major_4,160,106,0.6625
clean-fixed,43,C_minor_4,160,102,0.6375
clean-fixed,43,D#_diminished_4,160,138,0.8625
clean-fixed,43,D#_major_4,160,121,0.75625
clean-fixed,43,D#_minor_4,160,112,0.7
clean-fixed,43,D_diminished_4,160,117,0.73125
clean-fixed,43,D_major_4,160,110,0.6875
clean-fixed,43,D_minor_4,160,100,0.625
clean-fixed,43,E_diminished_4,160,121,0.75625
clean-fixed,43,E_major_4,160,124,0.775
clean-fixed,43,E_minor_4,160,124,0.775
clean-fixed,43,F#_diminished_4,160,117,0.73125
clean-fixed,43,F#_major_4,160,111,0.69375
clean-fixed,43,F#_minor_4,160,116,0.725
clean-fixed,43,F_diminished_4,160,114,0.7125
clean-fixed,43,F_major_4,160,116,0.725
clean-fixed,43,F_minor_4,160,121,0.75625
clean-fixed,43,G#_diminished_4,160,105,0.65625
clean-fixed,43,G#_major_4,160,106,0.6625
clean-fixed,43,G#_minor_4,160,116,0.725
clean-fixed,43,G_diminished_4,160,101,0.63125
clean-fixed,43,G_major_4,160,111,0.69375
clean-fixed,43,G_minor_4,160,108,0.675
clean-fixed,44,A#_diminished_4,160,96,0.6
clean-fixed,44,A#_major_4,152,105,0.6907894736842105
clean-fixed,44,A#_minor_4,160,95,0.59375
clean-fixed,44,A_diminished_4,160,103,0.64375
clean-fixed,44,A_major_4,160,106,0.6625
clean-fixed,44,A_minor_4,160,116,0.725
clean-fixed,44,B_diminished_4,160,113,0.70625
clean-fixed,44,B_major_4,160,102,0.6375
clean-fixed,44,B_minor_4,160,102,0.6375
clean-fixed,44,C#_diminished_4,160,80,0.5
clean-fixed,44,C#_major_4,160,103,0.64375
clean-fixed,44,C#_minor_4,160,110,0.6875
clean-fixed,44,C_diminished_4,144,119,0.8263888888888888
clean-fixed,44,C_major_4,160,114,0.7125
clean-fixed,44,C_minor_4,160,99,0.61875
clean-fixed,44,D#_diminished_4,160,135,0.84375
clean-fixed,44,D#_major_4,160,122,0.7625
clean-fixed,44,D#_minor_4,160,122,0.7625
clean-fixed,44,D_diminished_4,160,116,0.725
clean-fixed,44,D_major_4,160,103,0.64375
clean-fixed,44,D_minor_4,160,108,0.675
clean-fixed,44,E_diminished_4,160,120,0.75
clean-fixed,44,E_major_4,160,125,0.78125
clean-fixed,44,E_minor_4,160,125,0.78125
clean-fixed,44,F#_diminished_4,160,124,0.775
clean-fixed,44,F#_major_4,160,119,0.74375
clean-fixed,44,F#_minor_4,160,119,0.74375
clean-fixed,44,F_diminished_4,160,118,0.7375
clean-fixed,44,F_major_4,160,116,0.725
clean-fixed,44,F_minor_4,160,127,0.79375
clean-fixed,44,G#_diminished_4,160,110,0.6875
clean-fixed,44,G#_major_4,160,108,0.675
clean-fixed,44,G#_minor_4,160,116,0.725
clean-fixed,44,G_diminished_4,160,112,0.7
clean-fixed,44,G_major_4,160,110,0.6875
clean-fixed,44,G_minor_4,160,106,0.6625
clean-fixed,45,A#_diminished_4,160,89,0.55625
clean-fixed,45,A#_major_4,152,112,0.7368421052631579
clean-fixed,45,A#_minor_4,160,97,0.60625
clean-fixed,45,A_diminished_4,160,111,0.69375
clean-fixed,45,A_major_4,160,110,0.6875
clean-fixed,45,A_minor_4,160,119,0.74375
clean-fixed,45,B_diminished_4,160,117,0.73125
clean-fixed,45,B_major_4,160,100,0.625
clean-fixed,45,B_minor_4,160,94,0.5875
clean-fixed,45,C#_diminished_4,160,82,0.5125
clean-fixed,45,C#_major_4,160,111,0.69375
clean-fixed,45,C#_minor_4,160,106,0.6625
clean-fixed,45,C_diminished_4,149,119,0.7986577181208053
clean-fixed,45,C_major_4,160,106,0.6625
clean-fixed,45,C_minor_4,160,95,0.59375
clean-fixed,45,D#_diminished_4,160,130,0.8125
clean-fixed,45,D#_major_4,160,117,0.73125
clean-fixed,45,D#_minor_4,160,111,0.69375
clean-fixed,45,D_diminished_4,160,118,0.7375
clean-fixed,45,D_major_4,160,102,0.6375
clean-fixed,45,D_minor_4,160,108,0.675
clean-fixed,45,E_diminished_4,160,117,0.73125
clean-fixed,45,E_major_4,160,132,0.825
clean-fixed,45,E_minor_4,160,127,0.79375
clean-fixed,45,F#_diminished_4,160,116,0.725
clean-fixed,45,F#_major_4,160,123,0.76875
clean-fixed,45,F#_minor_4,160,119,0.74375
clean-fixed,45,F_diminished_4,160,117,0.73125
clean-fixed,45,F_major_4,160,117,0.73125
clean-fixed,45,F_minor_4,160,124,0.775
clean-fixed,45,G#_diminished_4,160,112,0.7
clean-fixed,45,G#_major_4,160,111,0.69375
clean-fixed,45,G#_minor_4,160,118,0.7375
clean-fixed,45,G_diminished_4,160,107,0.66875
clean-fixed,45,G_major_4,160,109,0.68125
clean-fixed,45,G_minor_4,160,109,0.68125
clean-fixed,46,A#_diminished_4,160,93,0.58125
clean-fixed,46,A#_major_4,150,108,0.72
clean-fixed,46,A#_minor_4,160,103,0.64375
clean-fixed,46,A_diminished_4,160,98,0.6125
clean-fixed,46,A_major_4,160,112,0.7
clean-fixed,46,A_minor_4,160,121,0.75625
clean-fixed,46,B_diminished_4,160,108,0.675
clean-fixed,46,B_major_4,160,99,0.61875
clean-fixed,46,B_minor_4,160,100,0.625
clean-fixed,46,C#_diminished_4,160,85,0.53125
clean-fixed,46,C#_major_4,160,109,0.68125
clean-fixed,46,C#_minor_4,160,113,0.70625
clean-fixed,46,C_diminished_4,149,122,0.8187919463087249
clean-fixed,46,C_major_4,160,111,0.69375
clean-fixed,46,C_minor_4,160,100,0.625
clean-fixed,46,D#_diminished_4,160,132,0.825
clean-fixed,46,D#_major_4,160,117,0.73125
clean-fixed,46,D#_minor_4,160,115,0.71875
clean-fixed,46,D_diminished_4,160,111,0.69375
clean-fixed,46,D_major_4,160,96,0.6
clean-fixed,46,D_minor_4,160,102,0.6375
clean-fixed,46,E_diminished_4,160,118,0.7375
clean-fixed,46,E_major_4,160,126,0.7875
clean-fixed,46,E_minor_4,160,127,0.79375
clean-fixed,46,F#_diminished_4,160,121,0.75625
clean-fixed,46,F#_major_4,160,121,0.75625
clean-fixed,46,F#_minor_4,160,122,0.7625
clean-fixed,46,F_diminished_4,160,115,0.71875
clean-fixed,46,F_major_4,160,113,0.70625
clean-fixed,46,F_minor_4,160,123,0.76875
clean-fixed,46,G#_diminished_4,160,111,0.69375
clean-fixed,46,G#_major_4,160,113,0.70625
clean-fixed,46,G#_minor_4,160,119,0.74375
clean-fixed,46,G_diminished_4,160,103,0.64375
clean-fixed,46,G_major_4,160,117,0.73125
clean-fixed,46,G_minor_4,160,110,0.6875
