variant,seed,dataset,overlay,class,recall
clean,42,thinkpad,noise,A#_diminished_4,1.0
clean,42,thinkpad,noise,A#_major_4,1.0
clean,42,thinkpad,noise,A#_minor_4,1.0
clean,42,thinkpad,noise,A_diminished_4,1.0
clean,42,thinkpad,noise,A_major_4,1.0
clean,42,thinkpad,noise,A_minor_4,1.0
clean,42,thinkpad,noise,B_diminished_4,1.0
clean,42,thinkpad,noise,B_major_4,1.0
clean,42,thinkpad,noise,B_minor_4,1.0
clean,42,thinkpad,noise,C#_diminished_4,1.0
clean,42,thinkpad,noise,C#_major_4,1.0
clean,42,thinkpad,noise,C#_minor_4,1.0
clean,42,thinkpad,noise,C_diminished_4,1.0
clean,42,thinkpad,noise,C_major_4,1.0
clean,42,thinkpad,noise,C_minor_4,1.0
clean,42,thinkpad,noise,D#_diminished_4,1.0
clean,42,thinkpad,noise,D#_major_4,1.0
clean,42,thinkpad,noise,D#_minor_4,1.0
clean,42,thinkpad,noise,D_diminished_4,1.0
clean,42,thinkpad,noise,D_major_4,1.0
clean,42,thinkpad,noise,D_minor_4,1.0
clean,42,thinkpad,noise,E_diminished_4,1.0
clean,42,thinkpad,noise,E_major_4,1.0
clean,42,thinkpad,noise,E_minor_4,1.0
clean,42,thinkpad,noise,F#_diminished_4,1.0
clean,42,thinkpad,noise,F#_major_4,1.0
clean,42,thinkpad,noise,F#_minor_4,1.0
clean,42,thinkpad,noise,F_diminished_4,0.975
clean,42,thinkpad,noise,F_major_4,1.0
clean,42,thinkpad,noise,F_minor_4,1.0
clean,42,thinkpad,noise,G#_diminished_4,1.0
clean,42,thinkpad,noise,G#_major_4,1.0
clean,42,thinkpad,noise,G#_minor_4,1.0
clean,42,thinkpad,noise,G_diminished_4,1.0
clean,42,thinkpad,noise,G_major_4,1.0
clean,42,thinkpad,noise,G_minor_4,1.0
clean,42,thinkpad,rir,A#_diminished_4,1.0
clean,42,thinkpad,rir,A#_major_4,1.0
clean,42,thinkpad,rir,A#_minor_4,1.0
clean,42,thinkpad,rir,A_diminished_4,1.0
clean,42,thinkpad,rir,A_major_4,1.0
clean,42,thinkpad,rir,A_minor_4,1.0
clean,42,thinkpad,rir,B_diminished_4,1.0
clean,42,thinkpad,rir,B_major_4,1.0
clean,42,thinkpad,rir,B_minor_4,1.0
clean,42,thinkpad,rir,C#_diminished_4,1.0
clean,42,thinkpad,rir,C#_major_4,1.0
clean,42,thinkpad,rir,C#_minor_4,1.0
clean,42,thinkpad,rir,C_diminished_4,1.0
clean,42,thinkpad,rir,C_major_4,1.0
clean,42,thinkpad,rir,C_minor_4,1.0
clean,42,thinkpad,rir,D#_diminished_4,1.0
clean,42,thinkpad,rir,D#_major_4,1.0
clean,42,thinkpad,rir,D#_minor_4,1.0
clean,42,thinkpad,rir,D_diminished_4,1.0
clean,42,thinkpad,rir,D_major_4,1.0
clean,42,thinkpad,rir,D_minor_4,0.95
clean,42,thinkpad,rir,E_diminished_4,1.0
clean,42,thinkpad,rir,E_major_4,1.0
clean,42,thinkpad,rir,E_minor_4,1.0
clean,42,thinkpad,rir,F#_diminished_4,1.0
clean,42,thinkpad,rir,F#_major_4,1.0
clean,42,thinkpad,rir,F#_minor_4,1.0
clean,42,thinkpad,rir,F_diminished_4,1.0
clean,42,thinkpad,rir,F_major_4,1.0
clean,42,thinkpad,rir,F_minor_4,1.0
clean,42,thinkpad,rir,G#_diminished_4,1.0
clean,42,thinkpad,rir,G#_major_4,1.0
clean,42,thinkpad,rir,G#_minor_4,1.0
clean,42,thinkpad,rir,G_diminished_4,1.0
clean,42,thinkpad,rir,G_major_4,1.0
clean,42,thinkpad,rir,G_minor_4,1.0
clean,42,thinkpad,dir,A#_diminished_4,1.0
clean,42,thinkpad,dir,A#_major_4,1.0
clean,42,thinkpad,dir,A#_minor_4,1.0
clean,42,thinkpad,dir,A_diminished_4,1.0
clean,42,thinkpad,dir,A_major_4,1.0
clean,42,thinkpad,dir,A_minor_4,1.0
clean,42,thinkpad,dir,B_diminished_4,1.0
clean,42,thinkpad,dir,B_major_4,1.0
clean,42,thinkpad,dir,B_minor_4,1.0
clean,42,thinkpad,dir,C#_diminished_4,1.0
clean,42,thinkpad,dir,C#_major_4,1.0
clean,42,thinkpad,dir,C#_minor_4,1.0
clean,42,thinkpad,dir,C_diminished_4,1.0
clean,42,thinkpad,dir,C_major_4,1.0
clean,42,thinkpad,dir,C_minor_4,1.0
clean,42,thinkpad,dir,D#_diminished_4,1.0
clean,42,thinkpad,dir,D#_major_4,1.0
clean,42,thinkpad,dir,D#_minor_4,1.0
clean,42,thinkpad,dir,D_diminished_4,1.0
clean,42,thinkpad,dir,D_major_4,1.0
clean,42,thinkpad,dir,D_minor_4,1.0
clean,42,thinkpad,dir,E_diminished_4,1.0
clean,42,thinkpad,dir,E_major_4,1.0
clean,42,thinkpad,dir,E_minor_4,1.0
clean,42,thinkpad,dir,F#_diminished_4,1.0
clean,42,thinkpad,dir,F#_major_4,1.0
clean,42,thinkpad,dir,F#_minor_4,1.0
clean,42,thinkpad,dir,F_diminished_4,1.0
clean,42,thinkpad,dir,F_major_4,1.0
clean,42,thinkpad,dir,F_minor_4,1.0
clean,42,thinkpad,dir,G#_diminished_4,1.0
clean,42,thinkpad,dir,G#_major_4,1.0
clean,42,thinkpad,dir,G#_minor_4,1.0
clean,42,thinkpad,dir,G_diminished_4,1.0
clean,42,thinkpad,dir,G_major_4,1.0
clean,42,thinkpad,dir,G_minor_4,1.0
clean,42,vivo,noise,A#_diminished_4,1.0
clean,42,vivo,noise,A#_major_4,1.0
clean,42,vivo,noise,A#_minor_4,1.0
clean,42,vivo,noise,A_diminished_4,1.0
clean,42,vivo,noise,A_major_4,1.0
clean,42,vivo,noise,A_minor_4,1.0
clean,42,vivo,noise,B_diminished_4,1.0
clean,42,vivo,noise,B_major_4,1.0
clean,42,vivo,noise,B_minor_4,0.975
clean,42,vivo,noise,C#_diminished_4,1.0
clean,42,vivo,noise,C#_major_4,1.0
clean,42,vivo,noise,C#_minor_4,1.0
clean,42,vivo,noise,C_diminished_4,1.0
clean,42,vivo,noise,C_major_4,1.0
clean,42,vivo,noise,C_minor_4,1.0
clean,42,vivo,noise,D#_diminished_4,1.0
clean,42,vivo,noise,D#_major_4,1.0
clean,42,vivo,noise,D#_minor_4,1.0
clean,42,vivo,noise,D_diminished_4,1.0
clean,42,vivo,noise,D_major_4,1.0
clean,42,vivo,noise,D_minor_4,1.0
clean,42,vivo,noise,E_diminished_4,1.0
clean,42,vivo,noise,E_major_4,1.0
clean,42,vivo,noise,E_minor_4,1.0
clean,42,vivo,noise,F#_diminished_4,1.0
clean,42,vivo,noise,F#_major_4,1.0
clean,42,vivo,noise,F#_minor_4,1.0
clean,42,vivo,noise,F_diminished_4,1.0
clean,42,vivo,noise,F_major_4,1.0
clean,42,vivo,noise,F_minor_4,1.0
clean,42,vivo,noise,G#_diminished_4,1.0
clean,42,vivo,noise,G#_major_4,1.0
clean,42,vivo,noise,G#_minor_4,1.0
clean,42,vivo,noise,G_diminished_4,1.0
clean,42,vivo,noise,G_major_4,1.0
clean,42,vivo,noise,G_minor_4,1.0
clean,42,vivo,rir,A#_diminished_4,1.0
clean,42,vivo,rir,A#_major_4,1.0
clean,42,vivo,rir,A#_minor_4,1.0
clean,42,vivo,rir,A_diminished_4,1.0
clean,42,vivo,rir,A_major_4,1.0
clean,42,vivo,rir,A_minor_4,1.0
clean,42,vivo,rir,B_diminished_4,1.0
clean,42,vivo,rir,B_major_4,1.0
clean,42,vivo,rir,B_minor_4,1.0
clean,42,vivo,rir,C#_diminished_4,1.0
clean,42,vivo,rir,C#_major_4,1.0
clean,42,vivo,rir,C#_minor_4,1.0
clean,42,vivo,rir,C_diminished_4,1.0
clean,42,vivo,rir,C_major_4,1.0
clean,42,vivo,rir,C_minor_4,1.0
clean,42,vivo,rir,D#_diminished_4,1.0
clean,42,vivo,rir,D#_major_4,1.0
clean,42,vivo,rir,D#_minor_4,1.0
clean,42,vivo,rir,D_diminished_4,1.0
clean,42,vivo,rir,D_major_4,1.0
clean,42,vivo,rir,D_minor_4,1.0
clean,42,vivo,rir,E_diminished_4,0.975
clean,42,vivo,rir,E_major_4,1.0
clean,42,vivo,rir,E_minor_4,1.0
clean,42,vivo,rir,F#_diminished_4,1.0
clean,42,vivo,rir,F#_major_4,1.0
clean,42,vivo,rir,F#_minor_4,1.0
clean,42,vivo,rir,F_diminished_4,1.0
clean,42,vivo,rir,F_major_4,1.0
clean,42,vivo,rir,F_minor_4,1.0
clean,42,vivo,rir,G#_diminished_4,1.0
clean,42,vivo,rir,G#_major_4,1.0
clean,42,vivo,rir,G#_minor_4,1.0
clean,42,vivo,rir,G_diminished_4,1.0
clean,42,vivo,rir,G_major_4,1.0
clean,42,vivo,rir,G_minor_4,1.0
clean,42,vivo,dir,A#_diminished_4,1.0
clean,42,vivo,dir,A#_major_4,1.0
clean,42,vivo,dir,A#_minor_4,1.0
clean,42,vivo,dir,A_diminished_4,1.0
clean,42,vivo,dir,A_major_4,1.0
clean,42,vivo,dir,A_minor_4,1.0
clean,42,vivo,dir,B_diminished_4,1.0
clean,42,vivo,dir,B_major_4,1.0
clean,42,vivo,dir,B_minor_4,1.0
clean,42,vivo,dir,C#_diminished_4,1.0
clean,42,vivo,dir,C#_major_4,1.0
clean,42,vivo,dir,C#_minor_4,1.0
clean,42,vivo,dir,C_diminished_4,1.0
clean,42,vivo,dir,C_major_4,1.0
clean,42,vivo,dir,C_minor_4,1.0
clean,42,vivo,dir,D#_diminished_4,1.0
clean,42,vivo,dir,D#_major_4,1.0
clean,42,vivo,dir,D#_minor_4,1.0
clean,42,vivo,dir,D_diminished_4,1.0
clean,42,vivo,dir,D_major_4,1.0
clean,42,vivo,dir,D_minor_4,1.0
clean,42,vivo,dir,E_diminished_4,1.0
clean,42,vivo,dir,E_major_4,1.0
clean,42,vivo,dir,E_minor_4,1.0
clean,42,vivo,dir,F#_diminished_4,1.0
clean,42,vivo,dir,F#_major_4,1.0
clean,42,vivo,dir,F#_minor_4,1.0
clean,42,vivo,dir,F_diminished_4,1.0
clean,42,vivo,dir,F_major_4,1.0
clean,42,vivo,dir,F_minor_4,1.0
clean,42,vivo,dir,G#_diminished_4,1.0
clean,42,vivo,dir,G#_major_4,1.0
clean,42,vivo,dir,G#_minor_4,1.0
clean,42,vivo,dir,G_diminished_4,1.0
clean,42,vivo,dir,G_major_4,1.0
clean,42,vivo,dir,G_minor_4,1.0
clean,42,flow,noise,A#_diminished_4,0.975
clean,42,flow,noise,A#_major_4,0.975
clean,42,flow,noise,A#_minor_4,1.0
clean,42,flow,noise,A_diminished_4,1.0
clean,42,flow,noise,A_major_4,1.0
clean,42,flow,noise,A_minor_4,1.0
clean,42,flow,noise,B_diminished_4,1.0
clean,42,flow,noise,B_major_4,1.0
clean,42,flow,noise,B_minor_4,1.0
clean,42,flow,noise,C#_diminished_4,1.0
clean,42,flow,noise,C#_major_4,1.0
clean,42,flow,noise,C#_minor_4,1.0
clean,42,flow,noise,C_diminished_4,1.0
clean,42,flow,noise,C_major_4,1.0
clean,42,flow,noise,C_minor_4,1.0
clean,42,flow,noise,D#_diminished_4,1.0
clean,42,flow,noise,D#_major_4,1.0
clean,42,flow,noise,D#_minor_4,1.0
clean,42,flow,noise,D_diminished_4,1.0
clean,42,flow,noise,D_major_4,1.0
clean,42,flow,noise,D_minor_4,1.0
clean,42,flow,noise,E_diminished_4,1.0
clean,42,flow,noise,E_major_4,0.975
clean,42,flow,noise,E_minor_4,1.0
clean,42,flow,noise,F#_diminished_4,0.975
clean,42,flow,noise,F#_major_4,1.0
clean,42,flow,noise,F#_minor_4,1.0
clean,42,flow,noise,F_diminished_4,1.0
clean,42,flow,noise,F_major_4,1.0
clean,42,flow,noise,F_minor_4,1.0
clean,42,flow,noise,G#_diminished_4,1.0
clean,42,flow,noise,G#_major_4,1.0
clean,42,flow,noise,G#_minor_4,0.95
clean,42,flow,noise,G_diminished_4,1.0
clean,42,flow,noise,G_major_4,1.0
clean,42,flow,noise,G_minor_4,1.0
clean,42,flow,rir,A#_diminished_4,1.0
clean,42,flow,rir,A#_major_4,1.0
clean,42,flow,rir,A#_minor_4,1.0
clean,42,flow,rir,A_diminished_4,1.0
clean,42,flow,rir,A_major_4,1.0
clean,42,flow,rir,A_minor_4,1.0
clean,42,flow,rir,B_diminished_4,1.0
clean,42,flow,rir,B_major_4,1.0
clean,42,flow,rir,B_minor_4,1.0
clean,42,flow,rir,C#_diminished_4,1.0
clean,42,flow,rir,C#_major_4,1.0
clean,42,flow,rir,C#_minor_4,1.0
clean,42,flow,rir,C_diminished_4,1.0
clean,42,flow,rir,C_major_4,1.0
clean,42,flow,rir,C_minor_4,1.0
clean,42,flow,rir,D#_diminished_4,1.0
clean,42,flow,rir,D#_major_4,1.0
clean,42,flow,rir,D#_minor_4,1.0
clean,42,flow,rir,D_diminished_4,1.0
clean,42,flow,rir,D_major_4,1.0
clean,42,flow,rir,D_minor_4,1.0
clean,42,flow,rir,E_diminished_4,1.0
clean,42,flow,rir,E_major_4,1.0
clean,42,flow,rir,E_minor_4,1.0
clean,42,flow,rir,F#_diminished_4,1.0
clean,42,flow,rir,F#_major_4,1.0
clean,42,flow,rir,F#_minor_4,1.0
clean,42,flow,rir,F_diminished_4,1.0
clean,42,flow,rir,F_major_4,1.0
clean,42,flow,rir,F_minor_4,1.0
clean,42,flow,rir,G#_diminished_4,1.0
clean,42,flow,rir,G#_major_4,1.0
clean,42,flow,rir,G#_minor_4,1.0
clean,42,flow,rir,G_diminished_4,1.0
clean,42,flow,rir,G_major_4,1.0
clean,42,flow,rir,G_minor_4,1.0
clean,42,flow,dir,A#_diminished_4,1.0
clean,42,flow,dir,A#_major_4,1.0
clean,42,flow,dir,A#_minor_4,1.0
clean,42,flow,dir,A_diminished_4,1.0
clean,42,flow,dir,A_major_4,1.0
clean,42,flow,dir,A_minor_4,1.0
clean,42,flow,dir,B_diminished_4,1.0
clean,42,flow,dir,B_major_4,1.0
clean,42,flow,dir,B_minor_4,1.0
clean,42,flow,dir,C#_diminished_4,1.0
clean,42,flow,dir,C#_major_4,1.0
clean,42,flow,dir,C#_minor_4,1.0
clean,42,flow,dir,C_diminished_4,1.0
clean,42,flow,dir,C_major_4,1.0
clean,42,flow,dir,C_minor_4,1.0
clean,42,flow,dir,D#_diminished_4,1.0
clean,42,flow,dir,D#_major_4,1.0
clean,42,flow,dir,D#_minor_4,1.0
clean,42,flow,dir,D_diminished_4,1.0
clean,42,flow,dir,D_major_4,1.0
clean,42,flow,dir,D_minor_4,1.0
clean,42,flow,dir,E_diminished_4,1.0
clean,42,flow,dir,E_major_4,1.0
clean,42,flow,dir,E_minor_4,1.0
clean,42,flow,dir,F#_diminished_4,1.0
clean,42,flow,dir,F#_major_4,1.0
clean,42,flow,dir,F#_minor_4,1.0
clean,42,flow,dir,F_diminished_4,1.0
clean,42,flow,dir,F_major_4,1.0
clean,42,flow,dir,F_minor_4,1.0
clean,42,flow,dir,G#_diminished_4,1.0
clean,42,flow,dir,G#_major_4,1.0
clean,42,flow,dir,G#_minor_4,1.0
clean,42,flow,dir,G_diminished_4,1.0
clean,42,flow,dir,G_major_4,1.0
clean,42,flow,dir,G_minor_4,1.0
clean,42,thinkpad-2,noise,A#_diminished_4,1.0
clean,42,thinkpad-2,noise,A#_major_4,0.975
clean,42,thinkpad-2,noise,A#_minor_4,1.0
clean,42,thinkpad-2,noise,A_diminished_4,1.0
clean,42,thinkpad-2,noise,A_major_4,1.0
clean,42,thinkpad-2,noise,A_minor_4,1.0
clean,42,thinkpad-2,noise,B_diminished_4,1.0
clean,42,thinkpad-2,noise,B_major_4,1.0
clean,42,thinkpad-2,noise,B_minor_4,1.0
clean,42,thinkpad-2,noise,C#_diminished_4,1.0
clean,42,thinkpad-2,noise,C#_major_4,1.0
clean,42,thinkpad-2,noise,C#_minor_4,1.0
clean,42,thinkpad-2,noise,C_diminished_4,1.0
clean,42,thinkpad-2,noise,C_major_4,1.0
clean,42,thinkpad-2,noise,C_minor_4,1.0
clean,42,thinkpad-2,noise,D#_diminished_4,1.0
clean,42,thinkpad-2,noise,D#_major_4,0.975
clean,42,thinkpad-2,noise,D#_minor_4,1.0
clean,42,thinkpad-2,noise,D_diminished_4,1.0
clean,42,thinkpad-2,noise,D_major_4,0.95
clean,42,thinkpad-2,noise,D_minor_4,1.0
clean,42,thinkpad-2,noise,E_diminished_4,1.0
clean,42,thinkpad-2,noise,E_major_4,1.0
clean,42,thinkpad-2,noise,E_minor_4,1.0
clean,42,thinkpad-2,noise,F#_diminished_4,1.0
clean,42,thinkpad-2,noise,F#_major_4,1.0
clean,42,thinkpad-2,noise,F#_minor_4,1.0
clean,42,thinkpad-2,noise,F_diminished_4,1.0
clean,42,thinkpad-2,noise,F_major_4,1.0
clean,42,thinkpad-2,noise,F_minor_4,1.0
clean,42,thinkpad-2,noise,G#_diminished_4,1.0
clean,42,thinkpad-2,noise,G#_major_4,0.975
clean,42,thinkpad-2,noise,G#_minor_4,1.0
clean,42,thinkpad-2,noise,G_diminished_4,1.0
clean,42,thinkpad-2,noise,G_major_4,1.0
clean,42,thinkpad-2,noise,G_minor_4,1.0
clean,42,thinkpad-2,rir,A#_diminished_4,1.0
clean,42,thinkpad-2,rir,A#_major_4,1.0
clean,42,thinkpad-2,rir,A#_minor_4,1.0
clean,42,thinkpad-2,rir,A_diminished_4,1.0
clean,42,thinkpad-2,rir,A_major_4,1.0
clean,42,thinkpad-2,rir,A_minor_4,1.0
clean,42,thinkpad-2,rir,B_diminished_4,1.0
clean,42,thinkpad-2,rir,B_major_4,1.0
clean,42,thinkpad-2,rir,B_minor_4,1.0
clean,42,thinkpad-2,rir,C#_diminished_4,1.0
clean,42,thinkpad-2,rir,C#_major_4,1.0
clean,42,thinkpad-2,rir,C#_minor_4,1.0
clean,42,thinkpad-2,rir,C_diminished_4,1.0
clean,42,thinkpad-2,rir,C_major_4,1.0
clean,42,thinkpad-2,rir,C_minor_4,1.0
clean,42,thinkpad-2,rir,D#_diminished_4,1.0
clean,42,thinkpad-2,rir,D#_major_4,1.0
clean,42,thinkpad-2,rir,D#_minor_4,1.0
clean,42,thinkpad-2,rir,D_diminished_4,1.0
clean,42,thinkpad-2,rir,D_major_4,1.0
clean,42,thinkpad-2,rir,D_minor_4,1.0
clean,42,thinkpad-2,rir,E_diminished_4,1.0
clean,42,thinkpad-2,rir,E_major_4,1.0
clean,42,thinkpad-2,rir,E_minor_4,1.0
clean,42,thinkpad-2,rir,F#_diminished_4,1.0
clean,42,thinkpad-2,rir,F#_major_4,1.0
clean,42,thinkpad-2,rir,F#_minor_4,1.0
clean,42,thinkpad-2,rir,F_diminished_4,1.0
clean,42,thinkpad-2,rir,F_major_4,0.975
clean,42,thinkpad-2,rir,F_minor_4,1.0
clean,42,thinkpad-2,rir,G#_diminished_4,1.0
clean,42,thinkpad-2,rir,G#_major_4,1.0
clean,42,thinkpad-2,rir,G#_minor_4,1.0
clean,42,thinkpad-2,rir,G_diminished_4,1.0
clean,42,thinkpad-2,rir,G_major_4,1.0
clean,42,thinkpad-2,rir,G_minor_4,1.0
clean,42,thinkpad-2,dir,A#_diminished_4,1.0
clean,42,thinkpad-2,dir,A#_major_4,1.0
clean,42,thinkpad-2,dir,A#_minor_4,1.0
clean,42,thinkpad-2,dir,A_diminished_4,1.0
clean,42,thinkpad-2,dir,A_major_4,1.0
clean,42,thinkpad-2,dir,A_minor_4,1.0
clean,42,thinkpad-2,dir,B_diminished_4,1.0
clean,42,thinkpad-2,dir,B_major_4,1.0
clean,42,thinkpad-2,dir,B_minor_4,1.0
clean,42,thinkpad-2,dir,C#_diminished_4,1.0
clean,42,thinkpad-2,dir,C#_major_4,1.0
clean,42,thinkpad-2,dir,C#_minor_4,1.0
clean,42,thinkpad-2,dir,C_diminished_4,1.0
clean,42,thinkpad-2,dir,C_major_4,1.0
clean,42,thinkpad-2,dir,C_minor_4,1.0
clean,42,thinkpad-2,dir,D#_diminished_4,1.0
clean,42,thinkpad-2,dir,D#_major_4,1.0
clean,42,thinkpad-2,dir,D#_minor_4,1.0
clean,42,thinkpad-2,dir,D_diminished_4,1.0
clean,42,thinkpad-2,dir,D_major_4,1.0
clean,42,thinkpad-2,dir,D_minor_4,1.0
clean,42,thinkpad-2,dir,E_diminished_4,1.0
clean,42,thinkpad-2,dir,E_major_4,1.0
clean,42,thinkpad-2,dir,E_minor_4,1.0
clean,42,thinkpad-2,dir,F#_diminished_4,1.0
clean,42,thinkpad-2,dir,F#_major_4,1.0
clean,42,thinkpad-2,dir,F#_minor_4,1.0
clean,42,thinkpad-2,dir,F_diminished_4,1.0
clean,42,thinkpad-2,dir,F_major_4,1.0
clean,42,thinkpad-2,dir,F_minor_4,1.0
clean,42,thinkpad-2,dir,G#_diminished_4,1.0
clean,42,thinkpad-2,dir,G#_major_4,1.0
clean,42,thinkpad-2,dir,G#_minor_4,1.0
clean,42,thinkpad-2,dir,G_diminished_4,1.0
clean,42,thinkpad-2,dir,G_major_4,1.0
clean,42,thinkpad-2,dir,G_minor_4,1.0
clean,42,flow-2,noise,A#_diminished_4,1.0
clean,42,flow-2,noise,A#_major_4,1.0
clean,42,flow-2,noise,A#_minor_4,1.0
clean,42,flow-2,noise,A_diminished_4,0.95
clean,42,flow-2,noise,A_major_4,1.0
clean,42,flow-2,noise,A_minor_4,1.0
clean,42,flow-2,noise,B_diminished_4,1.0
clean,42,flow-2,noise,B_major_4,1.0
clean,42,flow-2,noise,B_minor_4,1.0
clean,42,flow-2,noise,C#_diminished_4,1.0
clean,42,flow-2,noise,C#_major_4,1.0
clean,42,flow-2,noise,C#_minor_4,1.0
clean,42,flow-2,noise,C_diminished_4,1.0
clean,42,flow-2,noise,C_major_4,1.0
clean,42,flow-2,noise,C_minor_4,1.0
clean,42,flow-2,noise,D#_diminished_4,1.0
clean,42,flow-2,noise,D#_major_4,1.0
clean,42,flow-2,noise,D#_minor_4,1.0
clean,42,flow-2,noise,D_diminished_4,1.0
clean,42,flow-2,noise,D_major_4,1.0
clean,42,flow-2,noise,D_minor_4,1.0
clean,42,flow-2,noise,E_diminished_4,1.0
clean,42,flow-2,noise,E_major_4,1.0
clean,42,flow-2,noise,E_minor_4,1.0
clean,42,flow-2,noise,F#_diminished_4,0.975
clean,42,flow-2,noise,F#_major_4,1.0
clean,42,flow-2,noise,F#_minor_4,1.0
clean,42,flow-2,noise,F_diminished_4,1.0
clean,42,flow-2,noise,F_major_4,1.0
clean,42,flow-2,noise,F_minor_4,1.0
clean,42,flow-2,noise,G#_diminished_4,1.0
clean,42,flow-2,noise,G#_major_4,1.0
clean,42,flow-2,noise,G#_minor_4,1.0
clean,42,flow-2,noise,G_diminished_4,1.0
clean,42,flow-2,noise,G_major_4,1.0
clean,42,flow-2,noise,G_minor_4,1.0
clean,42,flow-2,rir,A#_diminished_4,0.975
clean,42,flow-2,rir,A#_major_4,1.0
clean,42,flow-2,rir,A#_minor_4,1.0
clean,42,flow-2,rir,A_diminished_4,1.0
clean,42,flow-2,rir,A_major_4,1.0
clean,42,flow-2,rir,A_minor_4,1.0
clean,42,flow-2,rir,B_diminished_4,1.0
clean,42,flow-2,rir,B_major_4,1.0
clean,42,flow-2,rir,B_minor_4,1.0
clean,42,flow-2,rir,C#_diminished_4,1.0
clean,42,flow-2,rir,C#_major_4,1.0
clean,42,flow-2,rir,C#_minor_4,1.0
clean,42,flow-2,rir,C_diminished_4,1.0
clean,42,flow-2,rir,C_major_4,1.0
clean,42,flow-2,rir,C_minor_4,1.0
clean,42,flow-2,rir,D#_diminished_4,1.0
clean,42,flow-2,rir,D#_major_4,1.0
clean,42,flow-2,rir,D#_minor_4,1.0
clean,42,flow-2,rir,D_diminished_4,1.0
clean,42,flow-2,rir,D_major_4,1.0
clean,42,flow-2,rir,D_minor_4,1.0
clean,42,flow-2,rir,E_diminished_4,1.0
clean,42,flow-2,rir,E_major_4,1.0
clean,42,flow-2,rir,E_minor_4,1.0
clean,42,flow-2,rir,F#_diminished_4,1.0
clean,42,flow-2,rir,F#_major_4,1.0
clean,42,flow-2,rir,F#_minor_4,1.0
clean,42,flow-2,rir,F_diminished_4,1.0
clean,42,flow-2,rir,F_major_4,1.0
clean,42,flow-2,rir,F_minor_4,1.0
clean,42,flow-2,rir,G#_diminished_4,1.0
clean,42,flow-2,rir,G#_major_4,1.0
clean,42,flow-2,rir,G#_minor_4,1.0
clean,42,flow-2,rir,G_diminished_4,1.0
clean,42,flow-2,rir,G_major_4,1.0
clean,42,flow-2,rir,G_minor_4,1.0
clean,42,flow-2,dir,A#_diminished_4,1.0
clean,42,flow-2,dir,A#_major_4,1.0
clean,42,flow-2,dir,A#_minor_4,1.0
clean,42,flow-2,dir,A_diminished_4,1.0
clean,42,flow-2,dir,A_major_4,1.0
clean,42,flow-2,dir,A_minor_4,1.0
clean,42,flow-2,dir,B_diminished_4,1.0
clean,42,flow-2,dir,B_major_4,1.0
clean,42,flow-2,dir,B_minor_4,1.0
clean,42,flow-2,dir,C#_diminished_4,1.0
clean,42,flow-2,dir,C#_major_4,1.0
clean,42,flow-2,dir,C#_minor_4,1.0
clean,42,flow-2,dir,C_diminished_4,1.0
clean,42,flow-2,dir,C_major_4,1.0
clean,42,flow-2,dir,C_minor_4,1.0
clean,42,flow-2,dir,D#_diminished_4,1.0
clean,42,flow-2,dir,D#_major_4,1.0
clean,42,flow-2,dir,D#_minor_4,1.0
clean,42,flow-2,dir,D_diminished_4,1.0
clean,42,flow-2,dir,D_major_4,1.0
clean,42,flow-2,dir,D_minor_4,1.0
clean,42,flow-2,dir,E_diminished_4,1.0
clean,42,flow-2,dir,E_major_4,1.0
clean,42,flow-2,dir,E_minor_4,1.0
clean,42,flow-2,dir,F#_diminished_4,1.0
clean,42,flow-2,dir,F#_major_4,1.0
clean,42,flow-2,dir,F#_minor_4,1.0
clean,42,flow-2,dir,F_diminished_4,1.0
clean,42,flow-2,dir,F_major_4,1.0
clean,42,flow-2,dir,F_minor_4,1.0
clean,42,flow-2,dir,G#_diminished_4,1.0
clean,42,flow-2,dir,G#_major_4,1.0
clean,42,flow-2,dir,G#_minor_4,1.0
clean,42,flow-2,dir,G_diminished_4,1.0
clean,42,flow-2,dir,G_major_4,1.0
clean,42,flow-2,dir,G_minor_4,1.0
