,A♯ dim,A♯ maj,A♯ min,A dim,A maj,A min,B dim,B maj,B min,C♯ dim,C♯ maj,C♯ min,C dim,C maj,C min,D♯ dim,D♯ maj,D♯ min,D dim,D maj,D min,E dim,E maj,E min,F♯ dim,F♯ maj,F♯ min,F dim,F maj,F min,G♯ dim,G♯ maj,G♯ min,G dim,G maj,G min,N
A♯ dim,3.2589999999999995,0.0,0.0,0.0,0.0,0.0,0.0,0.0,0.0,0.014666666666666828,0.0,0.0,29.304333333333332,0.0,0.0,0.0,0.0,0.0,0.0,0.0,0.0,0.0,0.0,0.0,0.0,0.016333333333333755,0.0043333333333333,0.012000000000000455,0.0,0.0,0.0,0.044000000000002704,0.0,0.0,0.0,0.0,0.09033333333333385
A♯ maj,0.0,5.266999999999999,0.0,0.0,0.0,0.0,0.0,0.0226666666666695,0.0,0.0,0.0,0.0,8.670999999999998,0.0,0.0,0.0,0.0,0.0,0.0,0.0,0.0,0.0,0.0,0.0,0.0,0.0,0.0,0.0,0.0,0.0,0.0033333333333338544,0.0,0.0,0.0,0.0,0.0,0.02999999999999893
A♯ min,0.0,0.0,4.9476666666666675,0.0,0.0,0.0,0.0,0.0,0.0,0.0,0.0,0.0,11.772,0.006000000000000227,0.0,0.0,0.0,0.0,0.0,0.03333333333333499,0.0,0.0,0.0,0.0,0.0,0.0,0.0,0.01766666666666694,0.0,0.0,0.0,0.0,0.0,0.0,0.0,0.0,0.04833333333333334
A dim,0.0,0.0,0.0,0.0,0.0,0.0,0.0,0.002666666666666817,0.0,0.0,0.0,0.0,9.028666666666666,0.0,0.0,0.0,0.0,0.0,0.0,0.0,0.0,0.0,0.0,0.0,0.0,0.014666666666666828,0.011333333333332973,0.0,0.0,0.0,0.0,5.195333333333332,0.0,0.0,0.0,0.0,0.016333333333333325
A maj,0.0,0.0,0.0,0.0,9.866333333333333,0.0,0.0,0.0,0.0,0.0,0.0,0.011666666666666714,7.141333333333333,0.0329999999999977,0.0,0.0,0.0,0.0,0.0,0.0,0.0,0.0,0.0,0.0,0.0,0.0,0.0,0.0,0.0,0.0,0.0,0.013666666666665606,0.0,0.0,0.0,0.0,0.0890000000000023
A min,0.0,0.0,0.0,0.0,0.0173333333333332,7.54933333333333,0.0,0.0,0.0,0.0,0.0,0.0,3.8503333333333347,0.0,0.0,0.0,0.0,0.0,0.0,0.0,0.0,0.0,0.0,0.0,0.0,0.0,0.0,0.0,0.0,0.0,0.0,0.0,0.0,0.0,0.0,0.0,0.10500000000000295
B dim,0.0,0.0,0.0,0.0,0.020999999999999908,0.0,6.8100000000000005,0.005000000000002558,0.0,0.013666666666666494,0.0,0.0,8.606333333333332,0.0,0.0,0.016666666666667496,0.0,0.0,0.0,0.0,0.0,0.0,0.0,0.0,0.0,0.019333333333332092,0.0,0.0,0.0,0.0,0.0,0.0,0.0,0.0,2.101000000000001,0.0,0.0
B maj,0.0,0.0,0.0,0.0,0.0,0.0,0.0,13.556333333333326,0.0,0.0,0.0,0.0,13.252333333333334,0.0,0.0,0.0,0.0,0.0,0.0,0.0,0.0,0.0,0.0,0.0,0.009333333333334082,0.0,0.0,0.011333333333332973,0.0,0.0,0.0,0.020333333333333314,0.002333333333336185,0.0,0.0,0.0,0.0
B min,0.0,0.0,0.0,0.0,0.0,0.01966666666666761,0.0,0.0,0.0,0.0,0.0,0.0,18.826999999999998,0.0,0.0,0.0,0.0,0.0,0.0,0.0,0.0,0.0,0.0,0.0,0.0,0.0,0.015666666666666273,0.0,0.0,0.0,0.0,0.0066666666666663765,0.012666666666666604,0.0,0.0,0.0,0.07733333333333331
C♯ dim,0.0,0.0,0.0,0.0,0.0,0.0,0.005666666666667375,0.003666666666666707,0.0,9.412,0.0,0.0,10.898666666666665,0.0,0.0,0.0,0.0,0.0,0.0,0.0,0.0,0.0,0.0,0.0,0.0,0.006999999999999673,0.0,0.0,0.0,0.0,0.0,0.0,0.0,0.030999999999998806,0.0,0.0,0.0
C♯ maj,0.0,0.0,0.0,0.0,0.0,0.0,0.0,0.010666666666665492,0.0,0.0,3.152666666666665,0.0,16.928000000000004,0.0,0.0,0.0,0.0,0.0,0.0,0.0,0.0,0.0,0.0,0.0,0.0,0.0,0.0,0.0,0.0,0.0,0.0,4.500000000000001,0.0,0.0,0.0,0.0,0.06666666666666776
C♯ min,0.026333333333331765,0.0,0.0,0.0,0.0,0.0,0.0,0.0,0.0,1.3940000000000001,0.0,6.026333333333335,1.888333333333334,0.0,0.0,0.0,0.0,0.0,0.0,0.0,0.0,0.0,0.0,0.0,0.0,0.0,0.0,0.0,0.0,0.0,0.0,9.195666666666668,0.0,0.0,0.0,0.0,0.054333333333332234
C dim,0.0,0.008000000000000895,0.0,0.0,0.0,0.0,0.0,0.0,0.0,0.0,0.0,0.0,20.183,0.0,0.0,0.0,0.0,0.0,0.014666666666666828,0.0,0.0,0.0,0.0,0.0,0.0,0.0,0.0,0.0076666666666667105,0.0,0.0,0.0,0.0,0.0,0.011333333333332973,0.0,0.0,0.04433333333333332
C maj,0.0,0.0,0.0,0.0,0.0086666666666666,0.0,0.0,0.0,0.0,0.0,0.0,0.0,17.795333333333332,3.801000000000001,0.0,0.0,0.0,0.0,0.0,0.0,0.0,0.0,0.0,0.0,0.0,0.02200000000000024,0.012333333333334195,0.0,0.0,0.0,0.0,0.010666666666665492,0.019333333333333425,0.0,0.0,0.0,0.05766666666666387
C min,0.0,0.008999999999999897,0.0,0.0,0.0,0.0,0.0,0.0,0.0,0.012333333333331531,0.0,0.0,18.692999999999998,0.0,0.0,0.038000000000000256,0.0,0.0,0.0,0.0,0.0,0.0,0.0,0.0,0.0,0.0,0.0,0.0,0.0,0.0,0.0,0.0,0.014666666666666828,0.0,0.0,0.0,0.05499999999999998
D♯ dim,0.0,0.0,0.0,0.0,0.010999999999999233,0.0,0.0,0.0,0.0,0.0,0.0,0.0,3.5109999999999997,0.0,0.0,9.789333333333337,0.0,0.0,0.0,0.0,0.0,0.0,0.0,0.0,0.0,0.0,0.0,0.0,0.0,0.0,0.0,0.0,0.0,0.0,0.0,0.0,0.06866666666666546
D♯ maj,0.0,0.0,0.0,0.0,0.0,0.0,0.0,0.0,0.0,0.0,0.0,0.0,13.85033333333333,0.0,0.0,0.0,1.4613333333333358,0.0,0.0,0.0,0.0,0.0,0.0,0.0,0.0,0.0,0.0,0.0046666666666652645,0.0,0.0,0.0,0.0,0.0,0.0,0.0,0.0,0.055666666666663644
D♯ min,0.0,0.0,0.0,0.0,0.0,0.0,0.0,0.0,0.0,0.0,0.0,0.0,8.929,0.0,0.0,0.0,0.0,0.0,0.0,0.0,0.0,0.0,0.0,0.0,0.0,0.0,0.0,0.0,0.0,0.0,0.0,0.0,0.0,0.0,0.0,0.0,0.009000000000000341
D dim,0.0,0.0,0.0,0.0,0.0,0.019999999999999574,0.0,0.012333333333332419,0.0,0.0,0.0,0.0,11.376333333333337,0.0,0.0,0.0,0.0,0.0,6.299666666666667,0.0,0.0,0.0,0.0,0.0,0.0,0.007999999999999119,0.0,0.0,0.0,0.0,0.0,0.0,0.0,0.0,0.0,0.0,0.024666666666664838
D maj,0.0,0.0,0.0,0.0,0.012333333333334195,0.0,0.0,0.0,0.0,0.0,0.0,0.0043333333333350765,13.862,0.0,0.0,0.0,0.0,0.0,0.0,1.0653333333333315,0.0,0.0,0.0,0.0,0.0,0.0,1.649,0.0,0.0,0.0,0.0,0.0,0.0013333333333331865,0.0,0.0,0.0,0.03966666666666541
D min,0.0,0.0,0.0,0.0,0.0,0.0,0.0003333333333337407,0.0,0.0,0.0,0.0,0.0,18.705,0.0,0.0,0.0,0.0,0.0,0.0,0.0,0.0,0.0,0.0,0.0,0.0,0.0,0.0,0.0,0.0,0.0,0.0,0.005666666666666487,0.0,0.0,0.030999999999998806,0.0,0.0
E dim,0.0,0.0,0.0,0.0,0.0,0.0,0.0,0.0,0.0,0.0,0.0,0.0,2.3456666666666663,0.0,0.0,0.0,0.0,0.0,0.0,0.0,0.0,0.0,0.0,0.0,0.0,0.0,0.0,0.0,0.0,0.0,0.0,0.02433333333333465,0.0,0.0,0.0,0.0,0.0
E maj,0.0,0.0,0.0,0.0,0.0,0.0,0.0,0.0,0.0,0.0,0.0,0.0,3.867,0.0,0.0,0.0,0.0,0.0,0.0,0.0,0.0,0.0,1.155666666666665,0.0,0.0,0.0,0.0,0.0,0.0,0.0,0.0,0.0,0.0,0.0,0.0,0.0,0.0173333333333332
E min,0.0,0.0,0.0,0.0,0.0,0.0,0.0,0.0,0.0,0.0,0.0,0.0,5.430333333333332,0.0,0.0,0.0,0.0,0.0,0.0,0.0,0.0,0.0,0.0,2.676333333333334,0.0,0.0,0.0,0.0,0.0,0.0,0.0,0.0,0.02533333333333232,0.0,0.0,0.0,0.0
F♯ dim,0.0,0.0,0.0,0.0,0.0,0.0,0.0,0.0,0.0,0.0,0.008333333333334636,0.0,9.516333333333334,0.0,0.0,0.0,0.0,0.0,0.0,0.0,0.0,0.0,0.0,0.011666666666666714,6.102666666666668,0.0,0.0039999999999995595,0.0,0.0,0.014333333333333087,0.0,0.0,0.008000000000000895,0.0,0.0,0.0,0.04866666666666575
F♯ maj,0.0,0.0,0.0,0.0,0.0,0.0,0.0,0.0,0.0,0.0,0.0,0.0,7.001666666666667,0.0,0.0,0.015999999999998238,0.0,0.0,0.0,0.0,0.0,0.0,0.0,0.0,0.0,15.387666666666668,0.007666666666666266,0.0,0.0,0.0,0.0,0.032999999999999474,0.0,0.0,0.0,0.0,0.0
F♯ min,0.0,0.0,0.0,0.0,0.0,0.0,0.0,0.008333333333333526,0.0,0.009000000000000341,0.006999999999997897,0.0,6.398333333333335,0.0,0.0,0.0,0.0,0.0,0.0,0.0,0.0,0.0,0.0,0.0,0.0,0.0003333333333337407,15.586333333333338,0.0,0.0,0.0,0.0,0.025333333333333208,0.0,0.0,0.0,0.0,0.00833333333333286
F dim,0.0,0.0,0.001666666666666039,0.0,0.0,0.0,0.0,0.0,0.0,0.0,0.0,0.0,10.001000000000001,0.0,0.0,0.0,0.0,0.0,0.028666666666666174,0.0,0.0,0.0,0.0,0.0,0.0,0.0,0.0,13.248,0.0,0.0,0.0,0.033666666666666956,0.0,0.0,0.0003333333333337407,0.0,0.1276666666666665
F maj,0.0,0.0,0.0,0.0,0.0,0.0,0.0,0.0,0.0,0.0,0.0,0.0,19.11866666666667,0.0,0.0,0.008000000000000007,0.0,0.0,0.003666666666667595,0.0,0.0,0.0,0.0,0.0,0.0,0.0019999999999997797,0.0,0.0,1.7319999999999975,0.0,0.028999999999999915,0.029666666666667396,0.0,0.0,0.0,0.0,0.0
F min,0.0,0.0,0.0,0.0,0.0,0.029999999999997584,0.0,0.0,0.0,0.0,0.0,0.0,4.313666666666668,0.0,0.0,0.0,0.0,0.0,0.0,0.0,0.0,0.0,0.0,0.0,0.0,0.0,0.0,0.0,0.0,1.6710000000000012,0.0,13.232333333333331,0.0,0.0,0.0,0.0,0.06400000000000139
G♯ dim,0.0,0.0,0.0,0.0,0.01533333333333431,0.0,0.0,0.0,0.0,0.01666666666666572,0.0,0.011333333333332973,4.0009999999999994,0.0,0.0,0.0,0.0,0.0,0.0,0.0,0.0,0.0,0.0,0.0,0.0,0.0,0.0,0.0,0.0,0.0,7.278000000000002,0.0,0.0,0.0,0.0,0.0,0.08766666666666367
G♯ maj,0.0,0.006666666666666821,0.0,0.0,0.0,0.0,0.0,0.0,0.0,0.0,0.0,0.0,0.008999999999998565,0.0,0.0,0.0,0.0,0.0,0.0,0.0,0.0,0.0,0.0,0.0,0.0,0.0,0.0,0.0,0.0,0.0,0.0,13.144333333333332,0.0,0.004666666666667041,0.0,0.0,0.04833333333333334
G♯ min,0.0,0.0,0.0,0.0,0.0,0.0,0.0,0.0,0.0,0.0,0.0,0.0,2.320999999999999,0.0,0.0,0.009333333333332305,0.0,0.0,0.0,0.0,0.0,0.0,0.0,0.0,0.0,0.0,0.0,0.0,0.0,0.0,0.0,0.0,18.177666666666667,0.0,0.0,0.0,0.06699999999999676
G dim,0.0,0.0,0.0,0.0,0.0,0.0,0.0,0.0,0.0,0.0,0.0,0.0,4.790000000000001,0.0,0.0,0.0,0.0,0.0,0.0,0.0,0.0,0.0,0.0,0.0,0.0,0.0,0.0,0.0,0.0,0.0,0.0,0.0040000000000000036,0.0,11.099666666666668,0.0020000000000000018,0.0,0.07933333333333328
G maj,0.0,0.0,0.0,0.0,0.0,0.007666666666667155,0.0,0.006999999999999673,0.0,0.0,0.0,0.0,5.177333333333332,0.0,0.0,0.0,0.0,0.0,0.0,0.0,0.0,0.0,0.0070000000000014495,0.0,0.0,0.0,0.0,0.0,0.0,0.0,0.0,0.019000000000000128,0.0,0.0,5.627,0.0,0.0
G min,0.0,0.0,0.0,0.0,0.0,0.0,0.0,0.0,0.0,0.0,0.0,0.0,11.666999999999998,0.0,0.0,0.0,0.0,0.0,0.0,0.0,0.0,0.0,0.0,0.0,0.0,0.0,0.0,0.0,0.0,0.0,0.0,0.004000000000000448,0.0,0.0,0.0,0.0,0.0
N,0.0,0.0,0.0,0.0,0.0,0.0,0.0,0.0,0.0,0.0,0.0,0.0,0.0,0.0,0.0,0.0,0.0,0.0,0.0,0.0,0.0,0.0,0.0,0.0,0.0,0.0,0.0,0.0,0.0,0.0,0.0,0.0,0.0,0.0,0.0,0.0,0.0
