detector,dataset,sample_index,duration,n_onsets,n_segments,n_truncated,mean_window_frames,root,thirds,triads,majmin,mirex,underseg,overseg,seg
spectral-flux,normal_sustain,0,12.661333333333333,10,10,10,117.3,0.9752782193958666,0.9752782193958666,0.9731319554848968,0.9710257606385736,0.9731319554848968,0.6996820349761526,0.9731319554848968,0.6996820349761526
spectral-flux,normal_sustain,1,11.349333333333334,9,9,8,114.77777777777777,0.8575397529112728,0.8575397529112728,0.8575397529112728,0.9574132492113567,0.8575397529112728,0.6095347874918722,0.9713010581072296,0.6095347874918722
spectral-flux,normal_sustain,2,11.829333333333333,10,10,10,109.7,0.9712834482562923,0.9712834482562923,0.9712834482562923,0.9719401474170382,0.9712834482562923,0.657557958060214,0.9712834482562924,0.657557958060214
spectral-flux,normal_sustain,3,12.181333333333333,10,10,10,112.9,0.9705931080185556,0.9705931080185556,0.9705931080185556,0.9710314150681124,0.9705931080185556,0.6854428981665563,0.9705931080185556,0.6854428981665563
spectral-flux,normal_sustain,4,12.064,10,10,10,112.8,0.9677705663726632,0.9677705663726632,0.9677705663726632,0.9552177316359742,0.9677705663726632,0.6830587452155102,0.9813612913962391,0.6830587452155102
spectral-flux,normal_sustain,5,11.530666666666667,10,10,10,106.9,0.9774514944939695,0.9740429994756161,0.9740429994756161,0.977926421404682,0.9740429994756161,0.7179106216861852,0.9759657402552,0.7179106216861852
spectral-flux,normal_sustain,6,11.765333333333333,10,10,10,109.6,0.9875277635400649,0.9818326783985419,0.9818326783985419,0.9812519860184302,0.9818326783985419,0.7226208781821288,0.9822598097841563,0.7226208781821288
spectral-flux,normal_sustain,7,12.490666666666666,9,9,8,125.88888888888889,0.8882338690139708,0.8882338690139708,0.8882338690139708,0.8484918793503479,0.8882338690139708,0.6295728014213036,0.9803763223774531,0.6295728014213036
spectral-flux,normal_sustain,8,11.402666666666667,10,10,10,105.7,0.9683586991583824,0.9635201313744464,0.9635201313744464,0.9622285174693106,0.9635201313744464,0.6369901175918598,0.9635201313744464,0.6369901175918598
spectral-flux,normal_sustain,9,11.946666666666667,10,10,10,111.7,0.9629941362960471,0.9629941362960471,0.9629941362960471,0.9633057139782634,0.9629941362960471,0.6582498667340013,0.9629941362960471,0.6582498667340013
spectral-flux,broken_sustain,0,18.901333333333334,10,10,4,162.7,0.9861081616762231,0.9861081616762231,0.9861081616762231,0.9878233451573423,0.9861081616762231,0.7171727896934947,0.987063778580024,0.7171727896934947
spectral-flux,broken_sustain,1,20.704,10,10,4,171.9,0.9255564702274305,0.9225703355769699,0.9225703355769699,0.982902653335065,0.9225703355769699,0.7379142252998242,0.9891853501848178,0.7379142252998242
spectral-flux,broken_sustain,2,20.704,10,10,3,174.7,0.9902853085463466,0.9892202427059127,0.9892202427059127,0.9882596417933542,0.9892202427059127,0.7104150529305449,0.9907694293829074,0.7104150529305449
spectral-flux,broken_sustain,3,20.405333333333335,10,10,4,172.3,0.9882715745616194,0.9866148319472468,0.9866148319472468,0.9837398373983741,0.9866148319472468,0.7136787887735183,0.9866148319472469,0.7136787887735183
spectral-flux,broken_sustain,4,18.122666666666667,10,10,6,161.2,0.9804583702391495,0.9789083259521699,0.9789083259521699,0.9786430096927878,0.9789083259521699,0.7227081488042515,0.9789083259521699,0.7227081488042515
spectral-flux,broken_sustain,5,24.842666666666666,10,10,2,181.5,0.8741625635644523,0.8741625635644523,0.8741625635644523,0.9933109734144355,0.8741625635644523,0.7244464175209191,0.989910404390992,0.7244464175209191
spectral-flux,broken_sustain,6,20.042666666666666,10,10,6,165.9,0.979551638372811,0.979551638372811,0.979551638372811,0.9810142939504184,0.979551638372811,0.6915552439614734,0.979551638372811,0.6915552439614734
spectral-flux,broken_sustain,7,21.546666666666667,10,10,4,170.3,0.9950568923708263,0.9950568923708263,0.9949169930983024,0.9947565946596274,0.9949169930983024,0.6919884349934711,0.9953211465522601,0.6919884349934711
spectral-flux,broken_sustain,8,20.88533333333333,10,10,4,169.0,0.9863448408500817,0.9863448408500817,0.9863448408500817,0.9867877060572473,0.9863448408500817,0.7257268327082732,0.9863448408500817,0.7257268327082732
spectral-flux,broken_sustain,9,19.562666666666665,9,9,6,169.77777777777777,0.8519354011791848,0.8519354011791848,0.7920704092967615,0.9901370984243909,0.7920704092967615,0.6876869178843033,0.9880030761343244,0.6876869178843033
spectral-flux,broken_sustain,10,18.784,10,10,7,161.4,0.978155512793101,0.8903143040410518,0.8903143040410518,0.8570580412273201,0.8903143040410518,0.6797983037559692,0.978155512793101,0.6797983037559692
spectral-flux,broken_sustain,11,20.82133333333333,10,10,3,163.5,0.9838072289156626,0.9838072289156626,0.9838072289156626,0.9909970488251336,0.9838072289156626,0.7181686746987952,0.9841927710843373,0.7181686746987952
spectral-flux,broken_sustain,12,21.184,10,10,6,171.2,0.9885695313982168,0.9885695313982168,0.9885695313982168,0.9910953821565159,0.9885695313982168,0.7210048694112439,0.9916050085372795,0.7210048694112439
spectral-flux,broken_sustain,13,20.405333333333335,10,10,4,168.7,0.9915437561455258,0.9910357259914779,0.9910357259914779,0.9910357259914779,0.9910357259914779,0.7497705670272041,0.9921665027859717,0.7497705670272041
spectral-flux,broken_sustain,14,21.781333333333333,10,10,4,181.9,0.9898051480169864,0.9898051480169864,0.9898051480169864,0.9885721706382703,0.9898051480169864,0.7171656778426774,0.9910775881893022,0.7171656778426774
spectral-flux,broken_sustain,15,19.744,10,10,5,165.8,0.9857450014390441,0.9853048233362116,0.9853048233362116,0.9830857513073259,0.9853048233362116,0.7174903076167742,0.9857957912201398,0.7174903076167742
spectral-flux,broken_sustain,16,18.730666666666668,10,10,8,161.6,0.9843191884554939,0.9843191884554939,0.9842834690670098,0.9824194377156279,0.9842834690670098,0.6880982997571082,0.9842834690670098,0.6880982997571082
spectral-flux,broken_sustain,17,20.88533333333333,10,10,6,168.0,0.988371163043652,0.988371163043652,0.988371163043652,0.9896596053881841,0.988371163043652,0.6885487147495881,0.9894748628373082,0.6885487147495881
spectral-flux,broken_sustain,18,19.989333333333335,10,10,6,172.8,0.9852212626364064,0.9852212626364064,0.9852212626364064,0.9851315515032331,0.9852212626364064,0.7421503648657695,0.9870623284461405,0.7421503648657695
spectral-flux,broken_sustain,19,20.650666666666666,10,10,4,167.3,0.9860126274890721,0.9860126274890721,0.9860126274890721,0.9866142699250889,0.9860126274890721,0.7135826452970698,0.9862392747288327,0.7135826452970698
spectral-flux,normal_no-sustain,0,18.549333333333333,10,10,7,162.7,0.9890018750901485,0.9880282705899323,0.9880282705899323,0.9867795370225217,0.9880282705899323,0.6874188662916486,0.9978544641569307,0.6874188662916486
spectral-flux,normal_no-sustain,1,20.469333333333335,10,10,5,172.9,0.990268714325434,0.990268714325434,0.990268714325434,0.9907402498718832,0.990268714325434,0.6962530461377427,0.990268714325434,0.6962530461377427
spectral-flux,normal_no-sustain,2,20.469333333333335,10,10,5,169.9,0.9887697305061784,0.9887697305061784,0.9887697305061784,0.9900689246275849,0.9887697305061784,0.7143463428170347,0.9963762793203076,0.7143463428170347
spectral-flux,normal_no-sustain,3,20.586666666666666,10,10,5,168.6,0.992668097281831,0.992668097281831,0.992668097281831,0.9930033977110158,0.992668097281831,0.6889224866692676,0.9963746911171805,0.6889224866692676
spectral-flux,normal_no-sustain,4,19.925333333333334,10,10,6,166.0,0.9931564433683077,0.992904223836427,0.992904223836427,0.9941426391123211,0.992904223836427,0.671576540220608,0.9960149313962872,0.671576540220608
spectral-flux,normal_no-sustain,5,19.925333333333334,10,10,5,163.0,0.9879524145579188,0.9879524145579188,0.9879524145579188,0.989172716680111,0.9879524145579188,0.6644655039150451,0.9891454111637594,0.6644655039150451
spectral-flux,normal_no-sustain,6,21.482666666666667,10,10,3,180.5,0.9820795221205898,0.9820795221205898,0.9820795221205898,0.9976012871142313,0.9820795221205898,0.7254215667973367,0.9953332088855702,0.7254215667973367
spectral-flux,normal_no-sustain,7,20.405333333333335,10,10,5,167.9,0.9893714585175725,0.9893714585175725,0.9893714585175725,0.9935522567101516,0.9893714585175725,0.7180570567619797,0.9897972552487637,0.7180570567619797
spectral-flux,normal_no-sustain,8,18.186666666666667,10,10,6,157.4,0.9919031320157518,0.9919031320157518,0.9919031320157518,0.9919031320157518,0.9919031320157518,0.6853446689485112,0.9925840050053365,0.6853446689485112
spectral-flux,normal_no-sustain,9,15.904,10,10,8,139.1,0.9919064179576351,0.9919064179576351,0.9919064179576351,0.9915045597974965,0.9919064179576351,0.7109284434608494,0.9960164400885235,0.7109284434608494
spectral-flux,normal_no-sustain,10,14.826666666666666,10,10,9,135.8,0.9930267834906837,0.9930267834906837,0.9930267834906837,0.9922298746184316,0.9930267834906837,0.6916162919694809,0.9993887115397677,0.6916162919694809
spectral-flux,normal_no-sustain,11,17.642666666666667,10,10,5,157.1,0.994752751953459,0.994752751953459,0.994182398904922,0.9952995299529953,0.994182398904922,0.6956406015323485,0.9978706819521284,0.6956406015323485
spectral-flux,normal_no-sustain,12,18.421333333333333,10,10,5,158.3,0.9980734278444201,0.9979643765903307,0.9979643765903307,0.9970649056100326,0.9979643765903307,0.7442929843693205,0.998291530352599,0.7442929843693205
spectral-flux,normal_no-sustain,13,20.341333333333335,10,10,5,173.5,0.991460150104285,0.9909181980916724,0.9909181980916724,0.9867518748723341,0.9909181980916724,0.667734147903631,0.9920021021168974,0.667734147903631
spectral-flux,normal_no-sustain,14,20.82133333333333,10,10,5,174.3,0.9907568158436213,0.9907568158436213,0.9907568158436213,0.9899917029661891,0.9907568158436213,0.7413355195473249,0.9958686985596706,0.7413355195473249
spectral-flux,normal_no-sustain,15,17.226666666666667,10,10,7,146.4,0.9945422056481372,0.9943285553354309,0.9943285553354309,0.9964769145188207,0.9943285553354309,0.6923047041914308,0.9966592860195003,0.6923047041914308
spectral-flux,normal_no-sustain,16,20.170666666666666,10,10,5,173.7,0.9937163375224418,0.993317374825454,0.993317374825454,0.9929654000434721,0.993317374825454,0.7316643393842677,0.9955116696588869,0.7316643393842677
spectral-flux,normal_no-sustain,17,18.784,10,10,6,163.9,0.9927652446630314,0.9915535122420612,0.9915535122420612,0.9918125951183802,0.9915535122420612,0.7705192629815745,0.9977012723190418,0.7705192629815745
spectral-flux,normal_no-sustain,18,17.824,10,10,6,157.8,0.9945179761569514,0.9922087674833383,0.9922087674833383,0.9928137565232271,0.9922087674833383,0.7255608748709284,0.9937670139866704,0.7255608748709284
spectral-flux,normal_no-sustain,19,18.005333333333333,10,10,6,151.3,0.9887289365026226,0.9887289365026226,0.9887289365026226,0.9888216115510015,0.9887289365026226,0.7417698917531526,0.989565896663319,0.7417698917531526
spectral-flux,normal_no-sustain,20,19.21066666666667,10,10,6,164.3,0.9927638576485154,0.9927638576485154,0.9927638576485154,0.9926079243051452,0.9927638576485154,0.6780178200903211,0.9964603930184305,0.6780178200903211
spectral-flux,normal_no-sustain,21,22.986666666666668,11,11,3,174.27272727272728,0.9634928250534304,0.9634928250534304,0.9634928250534304,0.9926261351545292,0.9634928250534304,0.7021997353920413,0.9978918596705486,0.7021997353920413
spectral-flux,normal_no-sustain,22,19.082666666666668,10,10,6,165.6,0.9936636652449409,0.992750952205431,0.992750952205431,0.9902159604369023,0.992750952205431,0.711828409948572,0.9973320695768173,0.711828409948572
spectral-flux,normal_no-sustain,23,18.005333333333333,10,10,6,152.1,0.9917706940109972,0.9917706940109972,0.9917706940109972,0.9906794211429973,0.9917706940109972,0.6830695497102096,0.9962104324565314,0.6830695497102096
spectral-flux,normal_no-sustain,24,19.562666666666665,10,10,6,170.4,0.9812351259266869,0.9812351259266869,0.9812351259266869,0.9774220928822603,0.9812351259266869,0.7078432379680518,0.9983734826305066,0.7078432379680518
spectral-flux,normal_no-sustain,25,18.368,10,10,6,158.7,0.9900671287452929,0.9900671287452929,0.9900671287452929,0.987235142118863,0.9900671287452929,0.7276464916589351,0.9952336771634921,0.7276464916589351
spectral-flux,normal_no-sustain,26,18.602666666666668,12,12,9,137.16666666666666,0.941437061048082,0.941437061048082,0.9389339095984153,0.9169691820498959,0.9389339095984153,0.7329191428056906,0.9551953898793445,0.7329191428056906
spectral-flux,normal_no-sustain,27,20.405333333333335,10,10,5,170.6,0.9785200124616724,0.9785200124616724,0.9785200124616724,0.977624539777466,0.9785200124616724,0.7295817141357995,0.9922442487743293,0.7295817141357995
spectral-flux,normal_no-sustain,28,18.784,10,10,5,158.5,0.9901027177402096,0.9901027177402096,0.9901027177402096,0.9919384778573324,0.9901027177402096,0.7359476424851986,0.9906733718524859,0.7359476424851986
spectral-flux,normal_no-sustain,29,18.485333333333333,10,10,6,153.0,0.9920040522450162,0.9920040522450162,0.9920040522450162,0.9961777942173726,0.9920040522450162,0.6894424545026954,0.9943196208256448,0.6894424545026954
spectral-flux,normal_no-sustain,30,20.650666666666666,10,10,5,165.8,0.993901944566081,0.993901944566081,0.993901944566081,0.9965744237396562,0.993901944566081,0.7049579136865665,0.9949723479135242,0.7049579136865665
spectral-flux,normal_no-sustain,31,16.682666666666666,10,10,8,145.9,0.9879135243841128,0.9879135243841128,0.9879135243841128,0.9888117770767613,0.9879135243841128,0.7059829059829059,0.9879135243841127,0.7059829059829059
superflux,normal_sustain,0,12.661333333333333,10,10,10,118.3,0.994912559618442,0.994912559618442,0.9944621091679917,0.9979785414399007,0.9944621091679917,0.7177530471648119,0.9950450450450452,0.7177530471648119
superflux,normal_sustain,1,11.349333333333334,9,9,8,114.55555555555556,0.8701897499556658,0.8701897499556658,0.8701897499556658,0.9779763991120459,0.8701897499556658,0.62277590589348,0.9839510551516226,0.62277590589348
superflux,normal_sustain,2,11.829333333333333,10,10,10,110.1,0.9896711217048325,0.9896711217048325,0.9896711217048325,0.9884850210369807,0.9896711217048325,0.6737323004455038,0.989841377940467,0.6737323004455038
superflux,normal_sustain,3,12.181333333333333,10,10,10,113.3,0.9901700905677049,0.9901700905677049,0.9901700905677049,0.9938837920489297,0.9901700905677049,0.7025071791473381,0.9907775568809366,0.7025071791473381
superflux,normal_sustain,4,12.064,10,10,10,112.7,0.9743717756698287,0.9743717756698287,0.9743717756698287,0.9642813002101102,0.9743717756698287,0.6939035890608533,0.9922061352415821,0.6939035890608533
superflux,normal_sustain,5,11.530666666666667,10,10,10,107.1,0.987123463263998,0.9837149682456447,0.9837149682456447,0.9885172798216275,0.9837149682456447,0.7250772009555437,0.9849967954320339,0.7250772009555437
superflux,normal_sustain,6,11.765333333333333,10,10,10,109.6,0.9909448146249786,0.9856483854433624,0.9856483854433624,0.9859831232567169,0.9856483854433624,0.7309072270630448,0.9905461586650721,0.7309072270630448
superflux,normal_sustain,7,12.490666666666666,10,10,10,116.2,0.9819645212522545,0.9819645212522545,0.9819645212522545,0.9841840680587781,0.9819645212522545,0.6915394761635578,0.9850870817518642,0.6915394761635578
superflux,normal_sustain,8,11.402666666666667,10,10,10,105.9,0.9777425881938943,0.9741943051523411,0.9741943051523411,0.9723226205594084,0.9741943051523411,0.6488959268056655,0.9773027183953548,0.6488959268056655
superflux,normal_sustain,9,11.946666666666667,10,10,10,111.1,0.9665853042673178,0.9665853042673178,0.9665853042673178,0.9667491660389542,0.9665853042673178,0.6618410347052718,0.9665853042673177,0.6618410347052718
superflux,broken_sustain,0,18.901333333333334,10,10,5,162.7,0.9927974800028313,0.9927974800028313,0.9927974800028313,0.9956022984213908,0.9927974800028313,0.7243576130813336,0.9973809018192114,0.7243576130813336
superflux,broken_sustain,1,20.704,10,10,4,172.1,0.9281390731683696,0.9272190208706602,0.9272190208706602,0.9912132623468818,0.9272190208706602,0.7430794311817024,0.994350556066696,0.7430794311817024
superflux,broken_sustain,2,20.704,10,10,3,174.3,0.9920926930028401,0.9910921766072811,0.9910921766072811,0.9905032687323508,0.9910921766072811,0.7167731732507099,0.9971275497030725,0.7167731732507099
superflux,broken_sustain,3,20.405333333333335,10,10,4,172.8,0.9956859078457426,0.9950789823335467,0.9950789823335467,0.9939859672569329,0.9950789823335467,0.7229303019864508,0.9986221150533932,0.7229303019864508
superflux,broken_sustain,4,18.122666666666667,10,10,6,161.6,0.9890943312666074,0.9887252731030409,0.9887252731030409,0.9881245746203852,0.9887252731030409,0.7303845586064363,0.9887252731030408,0.7303845586064363
superflux,broken_sustain,5,24.842666666666666,10,10,2,181.7,0.8716603438534182,0.8716603438534182,0.8716603438534182,0.9897864438254408,0.8716603438534182,0.7265719589958834,0.9933274141039093,0.7265719589958834
superflux,broken_sustain,6,20.042666666666666,10,10,6,166.7,0.9945916170063596,0.9945916170063596,0.9945916170063596,0.9966601061609115,0.9945916170063596,0.7037741833174751,0.997362578663595,0.7037741833174751
superflux,broken_sustain,7,21.546666666666667,10,10,4,170.4,0.9968289498227944,0.9968289498227944,0.9954765901883978,0.9958160498482647,0.9954765901883978,0.695346017534042,0.9994870360007462,0.695346017534042
superflux,broken_sustain,8,20.88533333333333,10,10,4,170.0,0.991922300221175,0.991922300221175,0.991922300221175,0.9913442761387026,0.991922300221175,0.7360483379812162,0.9980126294194954,0.7360483379812162
superflux,broken_sustain,9,19.562666666666665,10,10,7,164.2,0.9872682218234639,0.9872682218234639,0.9249252328462785,0.98219766728054,0.9249252328462785,0.7860377680936512,0.9941211655131161,0.7860377680936512
superflux,broken_sustain,10,18.784,10,10,7,162.0,0.9922136697313092,0.9038022949183949,0.9038022949183949,0.8738481998670085,0.9038022949183949,0.6943731736868364,0.9953139476872638,0.6943731736868364
superflux,broken_sustain,11,20.82133333333333,11,11,5,153.63636363636363,0.9658473895582329,0.9658473895582329,0.9658473895582329,0.938286824311704,0.9658473895582329,0.7512931726907631,0.9942168674698795,0.7512931726907631
superflux,broken_sustain,12,21.184,10,10,6,172.4,0.9918421551887688,0.9918421551887688,0.9918421551887688,0.9923701885571857,0.9918421551887688,0.727565926769114,0.9999525706697022,0.727565926769114
superflux,broken_sustain,13,20.405333333333335,10,10,4,167.9,0.9938380858734839,0.9928056374959027,0.9928056374959027,0.9928056374959027,0.9928056374959027,0.7558997050147492,0.9982956407735168,0.7558997050147492
superflux,broken_sustain,14,21.781333333333333,10,10,4,182.0,0.9903417191739868,0.9903417191739868,0.9903417191739868,0.9900222929247017,0.9903417191739868,0.7229453157337995,0.9971178463566818,0.7229453157337995
superflux,broken_sustain,15,19.744,10,10,5,166.1,0.9897912539996953,0.9888093182318385,0.9888093182318385,0.9868573279651999,0.9888093182318385,0.7239744696700359,0.9941930350280189,0.7239744696700359
superflux,broken_sustain,16,18.730666666666668,11,11,8,151.8181818181818,0.9630304329189886,0.9630304329189886,0.9624946420917274,0.93162299053072,0.9624946420917274,0.7304614944992143,0.9978568366909559,0.7304614944992143
superflux,broken_sustain,17,20.88533333333333,10,10,5,168.5,0.9916022841787033,0.9916022841787033,0.9916022841787033,0.992826933467479,0.9916022841787033,0.6921317401666747,0.9950893357006894,0.6921317401666747
superflux,broken_sustain,18,19.989333333333335,10,10,6,172.6,0.9941922742183843,0.9941922742183843,0.9941922742183843,0.992848842406365,0.9941922742183843,0.751288746066814,0.9981421972283593,0.751288746066814
superflux,broken_sustain,19,20.650666666666666,10,10,4,167.8,0.9930710700987531,0.9930710700987531,0.9930710700987531,0.9941872364812312,0.9930710700987531,0.7217257568398898,0.9979601748421563,0.7217257568398898
superflux,normal_no-sustain,0,18.549333333333333,10,10,7,162.4,0.9866940718303764,0.9857204673301602,0.9857204673301602,0.9842713068924074,0.9857204673301602,0.6874188662916486,0.9978544641569307,0.6874188662916486
superflux,normal_no-sustain,1,20.469333333333335,10,10,5,172.9,0.9963528122597846,0.9963528122597846,0.9963528122597846,0.9968014985244482,0.9963528122597846,0.7019282665227419,0.9985443959243087,0.7019282665227419
superflux,normal_no-sustain,2,20.469333333333335,10,10,5,170.2,0.985015425297488,0.985015425297488,0.985015425297488,0.9864621161589961,0.985015425297488,0.715342049850644,0.9973719863539168,0.715342049850644
superflux,normal_no-sustain,3,20.586666666666666,10,10,5,168.7,0.9921803875666536,0.9921803875666536,0.9921803875666536,0.9897398068669527,0.9921803875666536,0.6891500845363504,0.9991546364936923,0.6891500845363504
superflux,normal_no-sustain,4,19.925333333333334,10,10,6,166.2,0.9958299704062418,0.9955777508743611,0.9955777508743611,0.996287588169781,0.9955777508743611,0.6730394135055153,0.9999159268227065,0.6730394135055153
superflux,normal_no-sustain,5,19.925333333333334,10,10,5,163.5,0.9950767886547699,0.9950767886547699,0.9950767886547699,0.9947476920319077,0.9950767886547699,0.6709849783244279,0.9972779514063915,0.6709849783244279
superflux,normal_no-sustain,6,21.482666666666667,11,11,4,164.27272727272728,0.9825773131727956,0.9825773131727956,0.9825773131727956,0.9975720345180633,0.9825773131727956,0.7276616265322631,0.9975732686204966,0.7276616265322631
superflux,normal_no-sustain,7,20.405333333333335,10,10,5,167.9,0.9926140643935669,0.9926140643935669,0.9926140643935669,0.9954266006897585,0.9926140643935669,0.7211522714617928,0.9976089875863876,0.7211522714617928
superflux,normal_no-sustain,8,18.186666666666667,10,10,5,157.9,0.9906149939273491,0.9906149939273491,0.9906149939273491,0.9906149939273491,0.9906149939273491,0.6885282102241361,0.9981229987854698,0.6885282102241361
superflux,normal_no-sustain,9,15.904,10,10,8,139.0,0.9872062388028244,0.9872062388028244,0.9872062388028244,0.988626512708485,0.9872062388028244,0.7110970597533985,0.9992412266835282,0.7110970597533985
superflux,normal_no-sustain,10,14.826666666666666,10,10,9,135.9,0.9920758903303224,0.9920758903303224,0.9920758903303224,0.9921037362193801,0.9920758903303224,0.6900541103488873,1.0,0.6900541103488873
superflux,normal_no-sustain,11,17.642666666666667,10,10,4,156.7,0.9945436225023289,0.9945436225023289,0.9933648928686856,0.9935993599359934,0.9933648928686856,0.6973516606779595,0.9997908705488697,0.6973516606779595
superflux,normal_no-sustain,12,18.421333333333333,10,10,5,157.9,0.9956015994183931,0.9951290439840056,0.9951290439840056,0.9960643052498164,0.9951290439840056,0.7444383860414396,0.9989094874591057,0.7444383860414396
superflux,normal_no-sustain,13,20.341333333333335,10,10,5,173.2,0.9934308846956036,0.9929217782595129,0.9929217782595129,0.9899325921386677,0.9929217782595129,0.6695242318240789,0.9958943029347523,0.6695242318240789
superflux,normal_no-sustain,14,20.82133333333333,10,10,5,174.3,0.9900334362139916,0.9900334362139916,0.9900334362139916,0.9921178178801077,0.9900334362139916,0.7423804012345677,0.9992444701646089,0.7423804012345677
superflux,normal_no-sustain,15,17.226666666666667,10,10,7,146.5,0.9935516451074078,0.9933379947947014,0.9933379947947014,0.9949007973298722,0.9933379947947014,0.6924989317484365,0.997552732781727,0.6924989317484365
superflux,normal_no-sustain,16,20.170666666666666,11,11,5,162.0909090909091,0.9730367710619059,0.9723385863421772,0.9723385863421772,0.9682059794099631,0.9723385863421772,0.7560176873462333,0.9996509076401358,0.7560176873462333
superflux,normal_no-sustain,17,18.784,10,10,7,163.9,0.9891656865889731,0.988524181189636,0.988524181189636,0.9890385096996667,0.988524181189636,0.7707152785202609,0.9984675148793613,0.7707152785202609
superflux,normal_no-sustain,18,17.824,10,10,6,157.3,0.9946681685910074,0.9945742983197223,0.9945742983197223,0.9968916645279039,0.9945742983197223,0.7288463343659063,0.9970524734816484,0.7288463343659063
superflux,normal_no-sustain,19,18.005333333333333,10,10,6,152.1,0.9945318602834505,0.9945318602834505,0.9945318602834505,0.9941779226828134,0.9945318602834505,0.7483539783506303,0.9989026522337537,0.7483539783506303
superflux,normal_no-sustain,20,19.21066666666667,10,10,6,164.0,0.9931997698383638,0.9931997698383638,0.9931997698383638,0.993100729351469,0.9931997698383638,0.6797614688497149,0.9996163972729334,0.6797614688497149
superflux,normal_no-sustain,21,22.986666666666668,11,11,3,173.9090909090909,0.9616754627004552,0.9616754627004552,0.9616754627004552,0.9903248954544328,0.9616754627004552,0.7007458455096611,0.9981971765458485,0.7007458455096611
superflux,normal_no-sustain,22,19.082666666666668,10,10,6,165.6,0.9914345391676761,0.9899601565653907,0.9899601565653907,0.9908207919735301,0.9899601565653907,0.711494918645674,0.9986133782668986,0.711494918645674
superflux,normal_no-sustain,23,18.005333333333333,10,10,6,152.0,0.9880740080249663,0.9880740080249663,0.9880740080249663,0.986540348295315,0.9880740080249663,0.6837382969237629,0.9977894189329766,0.6837382969237629
superflux,normal_no-sustain,24,19.562666666666665,10,10,6,170.4,0.9780163336586368,0.9780163336586368,0.9780163336586368,0.9739299139080877,0.9780163336586368,0.7082541476192923,0.9996746965261013,0.7082541476192923
superflux,normal_no-sustain,25,18.368,10,10,6,159.6,0.9894122141570703,0.9894122141570703,0.9894122141570703,0.9855813953488374,0.9894122141570703,0.7293565464170715,0.9969437319216286,0.7293565464170715
superflux,normal_no-sustain,26,18.602666666666668,14,14,13,122.21428571428571,0.8757788582748063,0.8757788582748063,0.8748244192328472,0.852475476944466,0.8748244192328472,0.7734197730956239,0.9453628669187826,0.7734197730956239
superflux,normal_no-sustain,27,20.405333333333335,10,10,5,171.3,0.9834062997032157,0.9834062997032157,0.9834062997032157,0.9817131465999472,0.9834062997032157,0.7338613147064128,0.9980979553019498,0.7338613147064128
superflux,normal_no-sustain,28,18.784,10,10,6,159.1,0.99322348241672,0.99322348241672,0.99322348241672,0.9925483956510209,0.99322348241672,0.7427776588915043,0.999518510592767,0.7427776588915043
superflux,normal_no-sustain,29,18.485333333333333,10,10,6,153.0,0.9933789210897647,0.9933789210897647,0.9933789210897647,0.9949448246100737,0.9933789210897647,0.690817323347444,0.9977929736965881,0.690817323347444
superflux,normal_no-sustain,30,20.650666666666666,10,10,5,166.9,0.9929775053114711,0.991939538429102,0.991939538429102,0.9918900513836438,0.991939538429102,0.7079096320083038,0.9998378176746298,0.7079096320083038
superflux,normal_no-sustain,31,16.682666666666666,10,10,8,147.3,0.9966616390145803,0.9966616390145803,0.9966616390145803,0.9965509989484751,0.9966616390145803,0.7141880341880341,0.9998592257415786,0.7141880341880341
annotated,normal_sustain,0,12.661333333333333,10,10,10,117.8,0.9957074721780603,0.9957074721780603,0.9953100158982511,0.997615715544498,0.9953100158982511,0.7211446740858505,0.9984366719660838,0.7211446740858505
annotated,normal_sustain,1,11.349333333333334,10,10,10,105.5,0.9927587633741205,0.9927587633741205,0.9927587633741205,0.9928145811426567,0.9927587633741205,0.6922326653661997,0.9974581781639771,0.6922326653661997
annotated,normal_sustain,2,11.829333333333333,10,10,10,110.0,0.9951760733236855,0.9951760733236855,0.9951760733236855,0.9951599126886213,0.9951760733236855,0.6823869924235975,0.9984960699185608,0.6823869924235975
annotated,normal_sustain,3,12.181333333333333,10,10,10,113.3,0.9953611663353215,0.9953611663353215,0.9953611663353215,0.9951070336391434,0.9953611663353215,0.7117296222664016,1.0,0.7117296222664016
annotated,normal_sustain,4,12.064,10,10,10,112.2,0.9925112331502747,0.9925112331502747,0.9925112331502747,0.9914720059325178,0.9925112331502747,0.697204193709436,0.9955067398901647,0.697204193709436
annotated,normal_sustain,5,11.530666666666667,10,10,10,107.2,0.994697896638117,0.9943774398415196,0.9943774398415196,0.994574507617986,0.9943774398415196,0.7385072539765776,0.9990094971741538,0.7385072539765776
annotated,normal_sustain,6,11.765333333333333,10,10,10,109.4,0.9946466199669686,0.9939632097499858,0.9939632097499858,0.993044522119832,0.9939632097499858,0.7368870664616436,0.996525998063671,0.7368870664616436
annotated,normal_sustain,7,12.490666666666666,10,10,10,116.2,0.9971466257503565,0.9971466257503565,0.9971466257503565,0.9969450889404484,0.9971466257503565,0.7064523944116935,1.0,0.7064523944116935
annotated,normal_sustain,8,11.402666666666667,10,10,10,106.0,0.991583824521275,0.9907920588839038,0.9907920588839038,0.9901012666471297,0.9907920588839038,0.665347057271048,0.9943403419254567,0.665347057271048
annotated,normal_sustain,9,11.946666666666667,10,10,10,111.1,0.9933507280531944,0.9933507280531944,0.9933507280531944,0.9930772265863194,0.9933507280531944,0.6922817944617456,0.9970260640237916,0.6922817944617456
annotated,broken_sustain,0,18.901333333333334,10,10,5,162.6,0.9954873646209386,0.9954873646209386,0.9954873646209386,0.9974692472047627,0.9954873646209386,0.7257025553903872,0.9981595526297161,0.7257025553903872
annotated,broken_sustain,1,20.704,10,10,4,172.2,0.9294949397123629,0.9287040175617003,0.9287040175617003,0.9907804181275164,0.9287040175617003,0.7464045324681614,0.9976756573531549,0.7464045324681614
annotated,broken_sustain,2,20.704,10,10,3,173.9,0.9961270333075137,0.995642912470953,0.995642912470953,0.9953386716181194,0.995642912470953,0.7169829589465531,0.9973373353989156,0.7169829589465531
annotated,broken_sustain,3,20.405333333333335,10,10,4,172.6,0.9972606334990076,0.9968177419090268,0.9968177419090268,0.9967980844192005,0.9968177419090268,0.7230943359086659,0.999229040565589,0.7230943359086659
annotated,broken_sustain,4,18.122666666666667,10,10,6,161.2,0.9951099793327431,0.9948885444346032,0.9948885444346032,0.9940153488699571,0.9948885444346032,0.7393711248892827,0.9977118393858871,0.7393711248892827
annotated,broken_sustain,5,24.842666666666666,10,10,2,181.5,0.9967847821992628,0.9967847821992628,0.9967847821992628,0.9961912341538286,0.9967847821992628,0.7268141092904996,0.9985336454381575,0.7268141092904996
annotated,broken_sustain,6,20.042666666666666,10,10,6,166.4,0.9971288831021414,0.9971288831021414,0.9971288831021414,0.9986878988489294,0.9971288831021414,0.7048091208039127,0.998631211711486,0.7048091208039127
annotated,broken_sustain,7,21.546666666666667,10,10,4,170.3,0.9978548778213022,0.9978548778213022,0.9974973574581857,0.9975758228734579,0.9974973574581857,0.6958589815332958,1.0,0.6958589815332958
annotated,broken_sustain,8,20.88533333333333,10,10,4,169.5,0.997243324678655,0.997243324678655,0.997243324678655,0.9971851304516104,0.997243324678655,0.7374266756418886,0.999390967080168,0.7374266756418886
annotated,broken_sustain,9,19.562666666666665,10,10,7,163.1,0.9956763223105185,0.9956763223105185,0.9309236947791163,0.9926744423981992,0.9309236947791163,0.7896949500128172,0.9977783474322821,0.7896949500128172
annotated,broken_sustain,10,18.784,10,10,7,161.9,0.9966324567030147,0.9067065782909274,0.9067065782909274,0.8761992970456919,0.9067065782909274,0.6977228992944197,0.9986636732948471,0.6977228992944197
annotated,broken_sustain,11,20.82133333333333,10,10,3,163.9,0.9958393574297186,0.9958393574297186,0.9958393574297186,0.9979080279427697,0.9958393574297186,0.7302168674698796,0.998570281124498,0.7302168674698796
annotated,broken_sustain,12,21.184,10,10,6,172.6,0.9979131094668943,0.9979131094668943,0.9979131094668943,0.9978499533839453,0.9979131094668943,0.727565926769114,0.9999525706697022,0.727565926769114
annotated,broken_sustain,13,20.405333333333335,10,10,4,167.5,0.9964601769911503,0.9959521468371024,0.9959521468371024,0.9959521468371024,0.9959521468371024,0.7558997050147492,0.9982956407735168,0.7558997050147492
annotated,broken_sustain,14,21.781333333333333,10,10,4,181.5,0.995247512609422,0.995247512609422,0.995247512609422,0.9948704629569506,0.995247512609422,0.7229453157337995,0.9971178463566818,0.7229453157337995
annotated,broken_sustain,15,19.744,10,10,5,165.9,0.9956490087527722,0.9952088306499399,0.9952088306499399,0.9941228191957054,0.9952088306499399,0.725227284270405,0.997663670069582,0.725227284270405
annotated,broken_sustain,16,18.730666666666668,10,10,7,161.2,0.9957493927703961,0.9957493927703961,0.9952136019431349,0.9959260074873375,0.9952136019431349,0.6999571367338191,0.9982140305757966,0.6999571367338191
annotated,broken_sustain,17,20.88533333333333,10,10,6,167.8,0.9947374314186541,0.9947374314186541,0.9947374314186541,0.9944105975071267,0.9947374314186541,0.6941951789113361,0.9974247004814689,0.6941951789113361
annotated,broken_sustain,18,19.989333333333335,10,10,6,172.3,0.9973722969806523,0.9973722969806523,0.9973722969806523,0.995709305443819,0.9973722969806523,0.7518075918859208,0.9986610430474662,0.7518075918859208
annotated,broken_sustain,19,20.650666666666666,10,10,4,167.7,0.9959203496843126,0.9959203496843126,0.9959203496843126,0.9971345531949736,0.9959203496843126,0.7223733203820625,0.9980896875505908,0.7223733203820625
annotated,normal_no-sustain,0,18.549333333333333,10,10,7,161.7,0.9953483340545217,0.9949516803692484,0.9949516803692484,0.9943042274128651,0.9949516803692484,0.6874188662916486,0.9978544641569307,0.6874188662916486
annotated,normal_no-sustain,1,20.469333333333335,10,10,5,173.3,0.9961729061380697,0.9961729061380697,0.9961729061380697,0.9959179345809256,0.9961729061380697,0.7022063032563008,0.9993785061249858,0.7022063032563008
annotated,normal_no-sustain,2,20.469333333333335,10,10,5,169.8,0.9959845257333139,0.9959845257333139,0.9959845257333139,0.9983201166036713,0.9959845257333139,0.715342049850644,0.9973719863539168,0.715342049850644
annotated,normal_no-sustain,3,20.586666666666666,10,10,5,168.6,0.9973826245285472,0.9973826245285472,0.9973826245285472,0.9968928826895564,0.9973826245285472,0.6896703082325398,0.9991546364936923,0.6896703082325398
annotated,normal_no-sustain,4,19.925333333333334,10,10,6,166.3,0.9976123217648643,0.9973601022329835,0.9973601022329835,0.9971538175968322,0.9973601022329835,0.6731234866828089,1.0,0.6731234866828089
annotated,normal_no-sustain,5,19.925333333333334,10,10,5,163.4,0.9961689686460331,0.9961689686460331,0.9961689686460331,0.9961279913955368,0.9961689686460331,0.6718083140101492,0.9993110864670498,0.6718083140101492
annotated,normal_no-sustain,6,21.482666666666667,10,10,3,182.1,0.9960487835231161,0.9960487835231161,0.9960487835231161,0.9981570864414218,0.9960487835231161,0.7279260780287474,0.9978377201169809,0.7279260780287474
annotated,normal_no-sustain,7,20.405333333333335,10,10,5,168.0,0.9957584094854411,0.9957584094854411,0.9957584094854411,0.9978257609836558,0.9957584094854411,0.7227244440077298,0.9976089875863876,0.7227244440077298
annotated,normal_no-sustain,8,18.186666666666667,10,10,5,157.7,0.9956387324721211,0.9956387324721211,0.9956387324721211,0.9956387324721211,0.9956387324721211,0.6885282102241361,0.9984358323212249,0.6885282102241361
annotated,normal_no-sustain,9,15.904,10,10,8,139.0,0.9959742860153862,0.9959742860153862,0.9959742860153862,0.9952841638059572,0.9959742860153862,0.7117715249235956,0.9992412266835282,0.7117715249235956
annotated,normal_no-sustain,10,14.826666666666666,10,10,9,135.8,0.9978718105458582,0.9978718105458582,0.9978718105458582,0.9977547364968847,0.9978718105458582,0.6922275804297133,1.0,0.6922275804297133
annotated,normal_no-sustain,11,17.642666666666667,10,10,5,156.6,0.9965778817087776,0.9965778817087776,0.9960075286602406,0.9957495749574955,0.9960075286602406,0.6973516606779595,1.0,0.6973516606779595
annotated,normal_no-sustain,12,18.421333333333333,10,10,5,157.4,0.9974918211559431,0.9970192657215557,0.9970192657215557,0.9961977186311786,0.9970192657215557,0.7445110868774992,0.9989821882951653,0.7445110868774992
annotated,normal_no-sustain,13,20.341333333333335,10,10,5,173.3,0.9953030825573568,0.994793976121266,0.994793976121266,0.9932883947591121,0.994793976121266,0.6687687835640734,0.9972573943604146,0.6687687835640734
annotated,normal_no-sustain,14,20.82133333333333,10,10,5,174.4,0.9972350823045264,0.9972350823045264,0.9972350823045264,0.997096038166355,0.9972350823045264,0.7434092078189298,0.9992444701646089,0.7434092078189298
annotated,normal_no-sustain,15,17.226666666666667,10,10,7,146.6,0.995746416501573,0.9955327661888667,0.9955327661888667,0.9974040422770258,0.9955327661888667,0.6931204599308551,0.9978829196286368,0.6931204599308551
annotated,normal_no-sustain,16,20.170666666666666,10,10,5,174.0,0.9973568721324556,0.9966919343041425,0.9966919343041425,0.9964629399094987,0.9966919343041425,0.733742270097746,1.0,0.733742270097746
annotated,normal_no-sustain,17,18.784,10,10,6,163.8,0.9963648027370896,0.9962935243593855,0.9962935243593855,0.9962048970313432,0.9962935243593855,0.7707152785202609,0.9988239067678819,0.7707152785202609
annotated,normal_no-sustain,18,17.824,10,10,6,156.8,0.9958697080634564,0.9957758377921714,0.9957758377921714,0.9974049676333876,0.9957758377921714,0.7300478738383553,0.9982540129540975,0.7300478738383553
annotated,normal_no-sustain,19,18.005333333333333,10,10,6,152.1,0.996056987687386,0.996056987687386,0.996056987687386,0.9960668633235006,0.996056987687386,0.7485213703827697,0.999070044265893,0.7485213703827697
annotated,normal_no-sustain,20,19.21066666666667,10,10,6,164.1,0.9976635106624121,0.9976635106624121,0.9976635106624121,0.9978316577961762,0.9976635106624121,0.6797614688497149,0.9996163972729334,0.6797614688497149
annotated,normal_no-sustain,21,22.986666666666668,10,10,2,186.8,0.9961035751152209,0.9961035751152209,0.9961035751152209,0.997451315170861,0.9961035751152209,0.6812055654904696,0.9981971765458485,0.6812055654904696
annotated,normal_no-sustain,22,19.082666666666668,10,10,6,165.7,0.9982798869640007,0.9979288434872661,0.9979288434872661,0.997189312270965,0.9979288434872661,0.7123900795113474,0.9995085391325718,0.7123900795113474
annotated,normal_no-sustain,23,18.005333333333333,10,10,6,151.9,0.9952073116362014,0.9952073116362014,0.9952073116362014,0.9934081432425802,0.9952073116362014,0.6837382969237629,0.9977894189329766,0.6837382969237629
annotated,normal_no-sustain,24,19.562666666666665,10,10,6,170.4,0.9971921173831906,0.9971921173831906,0.9971921173831906,0.9972111070692375,0.9971921173831906,0.7084253599739758,0.9996746965261013,0.7084253599739758
annotated,normal_no-sustain,25,18.368,10,10,6,159.1,0.9946515308628497,0.9946515308628497,0.9946515308628497,0.9888888888888888,0.9946515308628497,0.7293565464170715,0.9969437319216286,0.7293565464170715
annotated,normal_no-sustain,26,18.602666666666668,10,10,6,162.1,0.9987574284170718,0.9987574284170718,0.9983792544570503,0.9979660667850985,0.9983792544570503,0.7244732576985413,0.9995497929047362,0.7244732576985413
annotated,normal_no-sustain,27,20.405333333333335,10,10,4,172.5,0.9965730401560989,0.9965730401560989,0.9965730401560989,0.9972539207908709,0.9965730401560989,0.7342712381327168,0.9987866266581403,0.7342712381327168
annotated,normal_no-sustain,28,18.784,10,10,6,159.0,0.9983593694272059,0.9983593694272059,0.9983593694272059,0.9976398833200742,0.9983593694272059,0.7427776588915043,0.999518510592767,0.7427776588915043
annotated,normal_no-sustain,29,18.485333333333333,10,10,6,153.0,0.9956944896703934,0.9956944896703934,0.9956944896703934,0.9969175759817525,0.9956944896703934,0.690817323347444,0.9977929736965881,0.690817323347444
annotated,normal_no-sustain,30,20.650666666666666,10,10,5,166.6,0.9971293728409477,0.9971293728409477,0.9971293728409477,0.9971728677851381,0.9971293728409477,0.7079096320083038,0.9998378176746298,0.7079096320083038
annotated,normal_no-sustain,31,16.682666666666666,10,10,8,146.8,0.9975867269984916,0.9975867269984916,0.9975867269984916,0.9969295478443743,0.9975867269984916,0.7149723479135244,1.0,0.7149723479135244
